mcc,mnc,iso2,iso3,country,country_code,network
289,88,GE,GEO,Abkhazia,7,A-Mobile
289,68,GE,GEO,Abkhazia,7,A-Mobile
289,67,GE,GEO,Abkhazia,7,Aquafon
412,80,AF,AFG,Afghanistan,93,Afghan Telecom Corp. (AT)
412,88,AF,AFG,Afghanistan,93,Afghan Telecom Corp. (AT)
412,1,AF,AFG,Afghanistan,93,Afghan Wireless/AWCC
412,40,AF,AFG,Afghanistan,93,Areeba/MTN
412,50,AF,AFG,Afghanistan,93,Etisalat
412,30,AF,AFG,Afghanistan,93,Etisalat
412,20,AF,AFG,Afghanistan,93,Roshan/TDCA
412,3,AF,AFG,Afghanistan,93,WaselTelecom (WT)
276,1,AL,ALB,Albania,355,AMC/Cosmote
276,3,AL,ALB,Albania,355,Eagle Mobile
276,4,AL,ALB,Albania,355,PLUS Communication Sh.a
276,2,AL,ALB,Albania,355,Vodafone
603,1,DZ,DZA,Algeria,213,ATM Mobils
603,2,DZ,DZA,Algeria,213,Orascom / DJEZZY
603,3,DZ,DZA,Algeria,213,Oreedo/Wataniya / Nedjma
544,11,AS,ASM,American Samoa,684,Blue Sky Communications
213,3,AD,AND,Andorra,376,Mobiland
631,4,AO,AGO,Angola,244,MoviCel
631,2,AO,AGO,Angola,244,Unitel
365,840,AI,AIA,Anguilla,1264,Cable and Wireless
365,10,AI,AIA,Anguilla,1264,Digicell / Wireless Vent. Ltd
344,30,AG,ATG,Antigua and Barbuda,1268,APUA PCS
344,920,AG,ATG,Antigua and Barbuda,1268,C & W
344,930,AG,ATG,Antigua and Barbuda,1268,DigiCel/Cing. Wireless
722,310,AR,ARG,Argentina Republic,54,Claro/ CTI/AMX
722,330,AR,ARG,Argentina Republic,54,Claro/ CTI/AMX
722,320,AR,ARG,Argentina Republic,54,Claro/ CTI/AMX
722,10,AR,ARG,Argentina Republic,54,Compania De Radiocomunicaciones Moviles SA
722,999,AR,ARG,Argentina Republic,54,Fix Line
722,70,AR,ARG,Argentina Republic,54,Movistar/Telefonica
722,7,AR,ARG,Argentina Republic,54,Movistar/Telefonica
722,20,AR,ARG,Argentina Republic,54,Nextel
722,340,AR,ARG,Argentina Republic,54,Telecom Personal S.A.
722,341,AR,ARG,Argentina Republic,54,Telecom Personal S.A.
283,1,AM,ARM,Armenia,374,ArmenTel/Beeline
283,4,AM,ARM,Armenia,374,Karabakh Telecom
283,10,AM,ARM,Armenia,374,Orange
283,5,AM,ARM,Armenia,374,Vivacell
363,2,AW,ABW,Aruba,297,Digicel
363,20,AW,ABW,Aruba,297,Digicel
363,1,AW,ABW,Aruba,297,Setar GSM
505,14,AU,AUS,Australia,61,AAPT Ltd.
505,24,AU,AUS,Australia,61,Advanced Comm Tech Pty.
505,9,AU,AUS,Australia,61,Airnet Commercial Australia Ltd..
505,4,AU,AUS,Australia,61,Department of Defense
505,26,AU,AUS,Australia,61,Dialogue Communications Pty Ltd
505,999,AU,AUS,Australia,61,Fix Line
505,12,AU,AUS,Australia,61,H3G Ltd.
505,6,AU,AUS,Australia,61,H3G Ltd.
505,88,AU,AUS,Australia,61,Pivotel Group Ltd
505,19,AU,AUS,Australia,61,Lycamobile Pty Ltd
505,8,AU,AUS,Australia,61,Railcorp/Vodafone
505,99,AU,AUS,Australia,61,Railcorp/Vodafone
505,13,AU,AUS,Australia,61,Railcorp/Vodafone
505,2,AU,AUS,Australia,61,Singtel Optus
505,90,AU,AUS,Australia,61,Singtel Optus
505,71,AU,AUS,Australia,61,Telstra Corp. Ltd.
505,1,AU,AUS,Australia,61,Telstra Corp. Ltd.
505,11,AU,AUS,Australia,61,Telstra Corp. Ltd.
505,72,AU,AUS,Australia,61,Telstra Corp. Ltd.
505,5,AU,AUS,Australia,61,The Ozitel Network Pty.
505,16,AU,AUS,Australia,61,Victorian Rail Track Corp. (VicTrack)
505,7,AU,AUS,Australia,61,Vodafone
505,3,AU,AUS,Australia,61,Vodafone
232,9,AT,AUT,Austria,43,A1 MobilKom
232,1,AT,AUT,Austria,43,A1 MobilKom
232,2,AT,AUT,Austria,43,A1 MobilKom
232,11,AT,AUT,Austria,43,A1 MobilKom
232,15,AT,AUT,Austria,43,T-Mobile/Telering
232,999,AT,AUT,Austria,43,Fix Line
232,10,AT,AUT,Austria,43,H3G
232,14,AT,AUT,Austria,43,H3G
232,20,AT,AUT,Austria,43,Mtel
232,6,AT,AUT,Austria,43,3/Orange/One Connect
232,12,AT,AUT,Austria,43,3/Orange/One Connect
232,5,AT,AUT,Austria,43,3/Orange/One Connect
232,17,AT,AUT,Austria,43,Spusu/Mass Response
232,7,AT,AUT,Austria,43,T-Mobile/Telering
232,4,AT,AUT,Austria,43,T-Mobile/Telering
232,3,AT,AUT,Austria,43,T-Mobile/Telering
232,13,AT,AUT,Austria,43,T-Mobile/Telering
232,19,AT,AUT,Austria,43,Tele2
232,8,AT,AUT,Austria,43,A1 MobilKom
400,1,AZ,AZE,Azerbaijan,994,Azercell Telekom B.M.
400,4,AZ,AZE,Azerbaijan,994,Azerfon.
400,3,AZ,AZE,Azerbaijan,994,CATEL
400,2,AZ,AZE,Azerbaijan,994,J.V. Bakcell GSM 2000
400,6,AZ,AZE,Azerbaijan,994,Naxtel
364,490,BS,BHS,Bahamas,1242,Aliv/Cable Bahamas
364,30,BS,BHS,Bahamas,1242,Bahamas Telco. Comp.
364,39,BS,BHS,Bahamas,1242,Bahamas Telco. Comp.
364,390,BS,BHS,Bahamas,1242,Bahamas Telco. Comp.
364,3,BS,BHS,Bahamas,1242,Smart Communications
426,1,BH,BHR,Bahrain,973,Batelco
426,999,BH,BHR,Bahrain,973,Fix Line
426,2,BH,BHR,Bahrain,973,ZAIN/Vodafone
426,4,BH,BHR,Bahrain,973,VIVA
470,2,BD,BGD,Bangladesh,880,Robi/Aktel
470,6,BD,BGD,Bangladesh,880,Citycell
470,5,BD,BGD,Bangladesh,880,Citycell
470,1,BD,BGD,Bangladesh,880,GrameenPhone
470,3,BD,BGD,Bangladesh,880,Orascom/Banglalink
470,4,BD,BGD,Bangladesh,880,TeleTalk
470,7,BD,BGD,Bangladesh,880,Airtel/Warid
342,600,BB,BRB,Barbados,1246,LIME
342,810,BB,BRB,Barbados,1246,Cingular Wireless
342,750,BB,BRB,Barbados,1246,Digicel
342,50,BB,BRB,Barbados,1246,Digicel
342,820,BB,BRB,Barbados,1246,Sunbeach
257,3,BY,BLR,Belarus,375,BelCel JV
257,4,BY,BLR,Belarus,375,BeST
257,1,BY,BLR,Belarus,375,MDC/Velcom
257,2,BY,BLR,Belarus,375,MTS
206,20,BE,BEL,Belgium,32,Base/KPN
206,1,BE,BEL,Belgium,32,Proximus
206,6,BE,BEL,Belgium,32,Lycamobile Belgium
206,30,BE,BEL,Belgium,32,Mobile Viking
206,10,BE,BEL,Belgium,32,Mobistar/Orange
206,2,BE,BEL,Belgium,32,SNCT/NMBS
206,5,BE,BEL,Belgium,32,Telenet Mobile
206,8,BE,BEL,Belgium,32,VOO
702,67,BZ,BLZ,Belize,501,DigiCell
702,68,BZ,BLZ,Belize,501,International Telco (INTELCO)
616,4,BJ,BEN,Benin,229,Bell Benin/BBCOM
616,2,BJ,BEN,Benin,229,Etisalat/MOOV
616,5,BJ,BEN,Benin,229,GloMobile
616,1,BJ,BEN,Benin,229,Libercom
616,3,BJ,BEN,Benin,229,MTN/Spacetel
350,0,BM,BMU,Bermuda,1441,Bermuda Digital Communications Ltd (BDC)
350,99,BM,BMU,Bermuda,1441,CellOne Ltd
350,10,BM,BMU,Bermuda,1441,DigiCel / Cingular
350,2,BM,BMU,Bermuda,1441,M3 Wireless Ltd
350,1,BM,BMU,Bermuda,1441,Telecommunications (Bermuda & West Indies) Ltd (Digicel Bermuda)
402,11,BT,BTN,Bhutan,975,B-Mobile
402,17,BT,BTN,Bhutan,975,Bhutan Telecom Ltd (BTL)
402,77,BT,BTN,Bhutan,975,TashiCell
736,2,BO,BOL,Bolivia,591,Entel Pcs
736,1,BO,BOL,Bolivia,591,Viva/Nuevatel
736,3,BO,BOL,Bolivia,591,Tigo
362,999,BQ,BES,"Bonaire, Sint Eustatius and Saba",599,Fix Line
218,90,BA,BIH,Bosnia & Herzegov.,387,BH Mobile
218,3,BA,BIH,Bosnia & Herzegov.,387,Eronet Mobile
218,5,BA,BIH,Bosnia & Herzegov.,387,M-Tel
652,4,BW,BWA,Botswana,267,BeMOBILE
652,1,BW,BWA,Botswana,267,Mascom Wireless (Pty) Ltd.
652,2,BW,BWA,Botswana,267,Orange
724,26,BR,BRA,Brazil,55,AmericaNet
724,12,BR,BRA,Brazil,55,Claro/Albra/America Movil
724,38,BR,BRA,Brazil,55,Claro/Albra/America Movil
724,5,BR,BRA,Brazil,55,Claro/Albra/America Movil
724,1,BR,BRA,Brazil,55,Vivo S.A./Telemig
724,34,BR,BRA,Brazil,55,CTBC Celular SA (CTBC)
724,33,BR,BRA,Brazil,55,CTBC Celular SA (CTBC)
724,32,BR,BRA,Brazil,55,CTBC Celular SA (CTBC)
724,8,BR,BRA,Brazil,55,TIM
724,39,BR,BRA,Brazil,55,Nextel (Telet)
724,0,BR,BRA,Brazil,55,Nextel (Telet)
724,31,BR,BRA,Brazil,55,Oi (TNL PCS / Oi)
724,16,BR,BRA,Brazil,55,Brazil Telcom
724,24,BR,BRA,Brazil,55,Amazonia Celular S/A
724,30,BR,BRA,Brazil,55,Oi (TNL PCS / Oi)
724,54,BR,BRA,Brazil,55,PORTO SEGURO TELECOMUNICACOES
724,15,BR,BRA,Brazil,55,Sercontel Cel
724,7,BR,BRA,Brazil,55,CTBC/Triangulo
724,19,BR,BRA,Brazil,55,Vivo S.A./Telemig
724,3,BR,BRA,Brazil,55,TIM
724,2,BR,BRA,Brazil,55,TIM
724,4,BR,BRA,Brazil,55,TIM
724,37,BR,BRA,Brazil,55,Unicel do Brasil Telecomunicacoes Ltda
724,23,BR,BRA,Brazil,55,Vivo S.A./Telemig
724,11,BR,BRA,Brazil,55,Vivo S.A./Telemig
724,10,BR,BRA,Brazil,55,Vivo S.A./Telemig
724,6,BR,BRA,Brazil,55,Vivo S.A./Telemig
348,570,VG,VGB,British Virgin Islands,284,Caribbean Cellular
348,770,VG,VGB,British Virgin Islands,284,Digicel
348,170,VG,VGB,British Virgin Islands,284,LIME
528,2,BN,BRN,Brunei Darussalam,673,b-mobile
528,11,BN,BRN,Brunei Darussalam,673,Datastream (DTSCom)
528,1,BN,BRN,Brunei Darussalam,673,Telekom Brunei Bhd (TelBru)
284,6,BG,BGR,Bulgaria,359,BTC Mobile EOOD (vivatel)
284,3,BG,BGR,Bulgaria,359,BTC Mobile EOOD (vivatel)
284,5,BG,BGR,Bulgaria,359,Telenor/Cosmo/Globul
284,1,BG,BGR,Bulgaria,359,MobilTel AD
613,3,BF,BFA,Burkina Faso,226,TeleCel
613,1,BF,BFA,Burkina Faso,226,TeleMob-OnaTel
613,2,BF,BFA,Burkina Faso,226,Orange/Airtel
642,2,BI,BDI,Burundi,257,Africel / Safaris
642,999,BI,BDI,Burundi,257,Fix Line
642,8,BI,BDI,Burundi,257,Lumitel/Viettel
642,3,BI,BDI,Burundi,257,Onatel / Telecel
642,7,BI,BDI,Burundi,257,Smart Mobile / LACELL
642,82,BI,BDI,Burundi,257,Spacetel / Econet / Leo
642,1,BI,BDI,Burundi,257,Spacetel / Econet / Leo
456,4,KH,KHM,Cambodia,855,Cambodia Advance Communications Co. Ltd (CADCOMMS)
456,2,KH,KHM,Cambodia,855,Smart Mobile
456,8,KH,KHM,Cambodia,855,Viettel/Metfone
456,18,KH,KHM,Cambodia,855,Mobitel/Cam GSM
456,1,KH,KHM,Cambodia,855,Mobitel/Cam GSM
456,3,KH,KHM,Cambodia,855,QB/Cambodia Adv. Comms.
456,11,KH,KHM,Cambodia,855,SEATEL
456,6,KH,KHM,Cambodia,855,Smart Mobile
456,5,KH,KHM,Cambodia,855,Smart Mobile
456,9,KH,KHM,Cambodia,855,Sotelco/Beeline
624,1,CM,CMR,Cameroon,237,MTN
624,4,CM,CMR,Cameroon,237,Nextel
624,2,CM,CMR,Cameroon,237,Orange
302,652,CA,CAN,Canada,1,BC Tel Mobility
302,630,CA,CAN,Canada,1,Bell Aliant
302,651,CA,CAN,Canada,1,Bell Mobility
302,610,CA,CAN,Canada,1,Bell Mobility
302,670,CA,CAN,Canada,1,CityWest Mobility
302,361,CA,CAN,Canada,1,Clearnet
302,360,CA,CAN,Canada,1,Clearnet
302,380,CA,CAN,Canada,1,DMTS Mobility
302,710,CA,CAN,Canada,1,Globalstar Canada
302,640,CA,CAN,Canada,1,Latitude Wireless
302,370,CA,CAN,Canada,1,FIDO (Rogers AT&T/ Microcell)
302,320,CA,CAN,Canada,1,mobilicity
302,702,CA,CAN,Canada,1,MT&T Mobility
302,660,CA,CAN,Canada,1,MTS Mobility
302,655,CA,CAN,Canada,1,MTS Mobility
302,701,CA,CAN,Canada,1,NB Tel Mobility
302,703,CA,CAN,Canada,1,New Tel Mobility
302,760,CA,CAN,Canada,1,Public Mobile
302,657,CA,CAN,Canada,1,Quebectel Mobility
302,720,CA,CAN,Canada,1,Rogers AT&T Wireless
302,654,CA,CAN,Canada,1,Sask Tel Mobility
302,680,CA,CAN,Canada,1,Sask Tel Mobility
302,780,CA,CAN,Canada,1,Sask Tel Mobility
302,656,CA,CAN,Canada,1,Tbay Mobility
302,220,CA,CAN,Canada,1,Telus Mobility
302,653,CA,CAN,Canada,1,Telus Mobility
302,500,CA,CAN,Canada,1,Videotron
302,490,CA,CAN,Canada,1,WIND
625,1,CV,CPV,Cape Verde,238,CV Movel
625,2,CV,CPV,Cape Verde,238,T+ Telecom
346,50,KY,CYM,Cayman Islands,1345,Digicel Cayman Ltd
346,6,KY,CYM,Cayman Islands,1345,Digicel Ltd.
346,140,KY,CYM,Cayman Islands,1345,LIME / Cable & Wirel.
623,1,CF,CAF,Central African Rep.,236,Centrafr. Telecom+
623,4,CF,CAF,Central African Rep.,236,Nationlink
623,3,CF,CAF,Central African Rep.,236,Orange/Celca
623,2,CF,CAF,Central African Rep.,236,Telecel Centraf.
622,4,TD,TCD,Chad,235,Salam/Sotel
622,2,TD,TCD,Chad,235,Tchad Mobile
622,3,TD,TCD,Chad,235,Tigo/Milicom/Tchad Mobile
622,1,TD,TCD,Chad,235,Airtel/ZAIN/Celtel
730,6,CL,CHL,Chile,56,Blue Two Chile SA
730,11,CL,CHL,Chile,56,Celupago SA
730,15,CL,CHL,Chile,56,Cibeles Telecom SA
730,3,CL,CHL,Chile,56,Claro
730,10,CL,CHL,Chile,56,Entel Telefonia
730,1,CL,CHL,Chile,56,Entel Telefonia Mov
730,14,CL,CHL,Chile,56,Netline Telefonica Movil Ltda
730,4,CL,CHL,Chile,56,Nextel SA
730,9,CL,CHL,Chile,56,Nextel SA
730,5,CL,CHL,Chile,56,Nextel SA
730,19,CL,CHL,Chile,56,Sociedad Falabella Movil SPA
730,7,CL,CHL,Chile,56,TELEFONICA
730,2,CL,CHL,Chile,56,TELEFONICA
730,12,CL,CHL,Chile,56,Telestar Movil SA
730,0,CL,CHL,Chile,56,TESAM SA
730,13,CL,CHL,Chile,56,Tribe Mobile SPA
730,8,CL,CHL,Chile,56,VTR Banda Ancha SA
460,0,CN,CHN,China,86,China Mobile GSM
460,7,CN,CHN,China,86,China Mobile GSM
460,2,CN,CHN,China,86,China Mobile GSM
460,4,CN,CHN,China,86,China Space Mobile Satellite Telecommunications Co. Ltd (China Spacecom)
460,5,CN,CHN,China,86,China Telecom
460,3,CN,CHN,China,86,China Telecom
460,6,CN,CHN,China,86,China Unicom
460,1,CN,CHN,China,86,China Unicom
460,999,CN,CHN,China,86,Fix Line
732,130,CO,COL,Colombia,57,Avantel SAS
732,102,CO,COL,Colombia,57,Movistar
732,103,CO,COL,Colombia,57,TIGO/Colombia Movil
732,1,CO,COL,Colombia,57,TIGO/Colombia Movil
732,101,CO,COL,Colombia,57,Comcel S.A. Occel S.A./Celcaribe
732,2,CO,COL,Colombia,57,Edatel S.A.
732,187,CO,COL,Colombia,57,eTb
732,999,CO,COL,Colombia,57,Fix Line
732,123,CO,COL,Colombia,57,Movistar
732,111,CO,COL,Colombia,57,TIGO/Colombia Movil
732,142,CO,COL,Colombia,57,UNE EPM Telecomunicaciones SA ESP
732,20,CO,COL,Colombia,57,UNE EPM Telecomunicaciones SA ESP
732,154,CO,COL,Colombia,57,Virgin Mobile Colombia SAS
654,1,KM,COM,Comoros,269,HURI - SNPT
654,2,KM,COM,Comoros,269,TELMA TELCO SA
630,90,CD,COD,"Congo, Dem. Rep.",243,Africell
630,86,CD,COD,"Congo, Dem. Rep.",243,Orange RDC sarl
630,5,CD,COD,"Congo, Dem. Rep.",243,SuperCell
630,89,CD,COD,"Congo, Dem. Rep.",243,TIGO/Oasis
630,1,CD,COD,"Congo, Dem. Rep.",243,Vodacom
630,88,CD,COD,"Congo, Dem. Rep.",243,Yozma Timeturns sprl (YTT)
630,2,CD,COD,"Congo, Dem. Rep.",243,Airtel/ZAIN
629,1,CG,COG,"Congo, Republic",242,Airtel SA
629,2,CG,COG,"Congo, Republic",242,Azur SA (ETC)
629,10,CG,COG,"Congo, Republic",242,MTN/Libertis
629,7,CG,COG,"Congo, Republic",242,Warid
548,1,CK,COK,Cook Islands,682,Telecom Cook Islands
712,3,CR,CRI,Costa Rica,506,Claro
712,999,CR,CRI,Costa Rica,506,Fix Line
712,999,CR,CRI,Costa Rica,506,Fix Line
712,2,CR,CRI,Costa Rica,506,ICE
712,1,CR,CRI,Costa Rica,506,ICE
712,4,CR,CRI,Costa Rica,506,Movistar
712,20,CR,CRI,Costa Rica,506,Virtualis
219,999,HR,CIV,Croatia,385,Fix Line
219,1,HR,CIV,Croatia,385,T-Mobile/Cronet
219,2,HR,CIV,Croatia,385,Tele2
219,10,HR,CIV,Croatia,385,VIPnet d.o.o.
368,1,CU,HRV,Cuba,53,CubaCel/C-COM
368,999,CU,HRV,Cuba,53,Fix Line
362,95,CW,CUB,Curacao,599,EOCG Wireless NV
362,999,CW,CUB,Curacao,599,Fix Line
362,69,CW,CUB,Curacao,599,Polycom N.V./ Digicel
280,10,CY,CUW,Cyprus,357,MTN/Areeba
280,999,CY,CUW,Cyprus,357,Fix Line
280,20,CY,CUW,Cyprus,357,PrimeTel PLC
280,1,CY,CUW,Cyprus,357,Vodafone/CyTa
230,8,CZ,CYP,Czech Rep.,420,Compatel s.r.o.
230,999,CZ,CYP,Czech Rep.,420,Fix Line
230,2,CZ,CYP,Czech Rep.,420,O2
230,1,CZ,CYP,Czech Rep.,420,T-Mobile / RadioMobil
230,5,CZ,CYP,Czech Rep.,420,Travel Telekommunikation s.r.o.
230,4,CZ,CYP,Czech Rep.,420,Ufone
230,99,CZ,CYP,Czech Rep.,420,Vodafone
230,3,CZ,CYP,Czech Rep.,420,Vodafone
238,5,DK,DNK,Denmark,45,ApS KBUS
238,23,DK,DNK,Denmark,45,Banedanmark
238,28,DK,DNK,Denmark,45,CoolTEL ApS
238,999,DK,DNK,Denmark,45,Fix Line
238,6,DK,DNK,Denmark,45,H3G
238,12,DK,DNK,Denmark,45,Lycamobile Ltd
238,3,DK,DNK,Denmark,45,Mach Connectivity ApS
238,7,DK,DNK,Denmark,45,Mundio Mobile
238,4,DK,DNK,Denmark,45,NextGen Mobile Ltd (CardBoardFish)
238,10,DK,DNK,Denmark,45,TDC Denmark
238,1,DK,DNK,Denmark,45,TDC Denmark
238,77,DK,DNK,Denmark,45,Telenor/Sonofon
238,2,DK,DNK,Denmark,45,Telenor/Sonofon
238,20,DK,DNK,Denmark,45,Telia
238,30,DK,DNK,Denmark,45,Telia
638,1,DJ,DJI,Djibouti,253,Djibouti Telecom SA (Evatis)
366,110,DM,DMA,Dominica,1767,C & W
366,20,DM,DMA,Dominica,1767,Cingular Wireless/Digicel
366,50,DM,DMA,Dominica,1767,Wireless Ventures (Dominica) Ltd (Digicel Dominica)
370,2,DO,DOM,Dominican Republic,1809,Claro
370,1,DO,DOM,Dominican Republic,1809,Orange
370,3,DO,DOM,Dominican Republic,1809,TRIcom
370,4,DO,DOM,Dominican Republic,1809,Viva
740,1,EC,ECU,Ecuador,593,Claro/Porta
740,2,EC,ECU,Ecuador,593,CNT Mobile
740,0,EC,ECU,Ecuador,593,Failed Call(s)
740,0,EC,ECU,Ecuador,593,MOVISTAR/OteCel
740,3,EC,ECU,Ecuador,593,Tuenti
602,1,EG,EGY,Egypt,20,Orange/Mobinil
602,3,EG,EGY,Egypt,20,ETISALAT
602,2,EG,EGY,Egypt,20,Vodafone/Mirsfone
602,4,EG,EGY,Egypt,20,WE/Telecom
706,1,SV,SLV,El Salvador,503,CLARO/CTE
706,2,SV,SLV,El Salvador,503,Digicel
706,5,SV,SLV,El Salvador,503,INTELFON SA de CV
706,4,SV,SLV,El Salvador,503,Telefonica
706,3,SV,SLV,El Salvador,503,Telemovil
627,3,GQ,GNQ,Equatorial Guinea,240,HiTs-GE
627,1,GQ,GNQ,Equatorial Guinea,240,ORANGE/GETESA
657,1,ER,ERI,Eritrea,291,Eritel
248,1,EE,EST,Estonia,372,EMT GSM
248,2,EE,EST,Estonia,372,Radiolinja Eesti
248,3,EE,EST,Estonia,372,Tele2 Eesti AS
248,4,EE,EST,Estonia,372,Top Connect OU
636,1,ET,ETH,Ethiopia,251,ETH/MTN
750,1,FK,FLK,Falkland Islands (Malvinas),500,Cable and Wireless South Atlantic Ltd (Falkland Islands
288,3,FO,FRO,Faroe Islands,298,Edge Mobile Sp/F
288,1,FO,FRO,Faroe Islands,298,Faroese Telecom
288,2,FO,FRO,Faroe Islands,298,Kall GSM
542,2,FJ,FJI,Fiji,679,DigiCell
542,1,FJ,FJI,Fiji,679,Vodafone
244,14,FI,FIN,Finland,358,Alands
244,26,FI,FIN,Finland,358,Compatel Ltd
244,13,FI,FIN,Finland,358,DNA/Finnet
244,12,FI,FIN,Finland,358,DNA/Finnet
244,4,FI,FIN,Finland,358,DNA/Finnet
244,3,FI,FIN,Finland,358,DNA/Finnet
244,21,FI,FIN,Finland,358,Elisa/Saunalahti
244,5,FI,FIN,Finland,358,Elisa/Saunalahti
244,82,FI,FIN,Finland,358,ID-Mobile
244,11,FI,FIN,Finland,358,Mundio Mobile (Finland) Ltd
244,9,FI,FIN,Finland,358,Nokia Oyj
244,10,FI,FIN,Finland,358,TDC Oy Finland
244,91,FI,FIN,Finland,358,TeliaSonera
208,27,FR,FRA,France,33,AFONE SA
208,92,FR,FRA,France,33,Association Plate-forme Telecom
208,28,FR,FRA,France,33,Astrium
208,88,FR,FRA,France,33,Bouygues Telecom
208,21,FR,FRA,France,33,Bouygues Telecom
208,20,FR,FRA,France,33,Bouygues Telecom
208,999,FR,FRA,France,33,Fix Line
208,14,FR,FRA,France,33,Lliad/FREE Mobile
208,7,FR,FRA,France,33,GlobalStar
208,6,FR,FRA,France,33,GlobalStar
208,5,FR,FRA,France,33,GlobalStar
208,29,FR,FRA,France,33,Orange
208,17,FR,FRA,France,33,Legos - Local Exchange Global Operation Services SA
208,16,FR,FRA,France,33,Lliad/FREE Mobile
208,15,FR,FRA,France,33,Lliad/FREE Mobile
208,25,FR,FRA,France,33,Lycamobile SARL
208,24,FR,FRA,France,33,MobiquiThings
208,3,FR,FRA,France,33,MobiquiThings
208,31,FR,FRA,France,33,Mundio Mobile (France) Ltd
208,26,FR,FRA,France,33,NRJ
208,23,FR,FRA,France,33,Virgin Mobile/Omer
208,89,FR,FRA,France,33,Virgin Mobile/Omer
208,91,FR,FRA,France,33,Orange
208,2,FR,FRA,France,33,Orange
208,1,FR,FRA,France,33,Orange
208,11,FR,FRA,France,33,S.F.R.
208,10,FR,FRA,France,33,S.F.R.
208,13,FR,FRA,France,33,S.F.R.
208,9,FR,FRA,France,33,S.F.R.
208,4,FR,FRA,France,33,SISTEER
208,0,FR,FRA,France,33,Tel/Tel
208,22,FR,FRA,France,33,Transatel SA
340,20,FG,#N/A,French Guiana,594,Bouygues/DigiCel
340,1,FG,#N/A,French Guiana,594,Orange Caribe
340,2,FG,#N/A,French Guiana,594,Outremer Telecom
340,11,FG,#N/A,French Guiana,594,TelCell GSM
340,3,FG,#N/A,French Guiana,594,TelCell GSM
547,15,PF,PYF,French Polynesia,689,Pacific Mobile Telecom (PMT)
547,20,PF,PYF,French Polynesia,689,Vini/Tikiphone
628,4,GA,GAB,Gabon,241,Azur/Usan S.A.
628,1,GA,GAB,Gabon,241,Libertis S.A.
628,2,GA,GAB,Gabon,241,MOOV/Telecel
628,3,GA,GAB,Gabon,241,Airtel/ZAIN/Celtel Gabon S.A.
607,2,GM,GMB,Gambia,220,Africel
607,3,GM,GMB,Gambia,220,Comium
607,1,GM,GMB,Gambia,220,Gamcel
607,4,GM,GMB,Gambia,220,Q-Cell
282,1,GE,GEO,Georgia,995,Geocell Ltd.
282,3,GE,GEO,Georgia,995,Iberiatel Ltd.
282,2,GE,GEO,Georgia,995,Magti GSM Ltd.
282,4,GE,GEO,Georgia,995,MobiTel/Beeline
282,5,GE,GEO,Georgia,995,Silknet
262,17,DE,DEU,Germany,49,E-Plus
262,10,DE,DEU,Germany,49,DB Netz AG
262,n/a,DE,DEU,Germany,49,Debitel
262,77,DE,DEU,Germany,49,E-Plus
262,20,DE,DEU,Germany,49,E-Plus
262,3,DE,DEU,Germany,49,E-Plus
262,5,DE,DEU,Germany,49,E-Plus
262,12,DE,DEU,Germany,49,E-Plus
262,14,DE,DEU,Germany,49,Group 3G UMTS
262,43,DE,DEU,Germany,49,Lycamobile
262,13,DE,DEU,Germany,49,Mobilcom
262,8,DE,DEU,Germany,49,O2
262,7,DE,DEU,Germany,49,O2
262,11,DE,DEU,Germany,49,O2
262,33,DE,DEU,Germany,49,Sipgate
262,22,DE,DEU,Germany,49,Sipgate
262,n/a,DE,DEU,Germany,49,Talkline
262,6,DE,DEU,Germany,49,T-mobile/Telekom
262,1,DE,DEU,Germany,49,T-mobile/Telekom
262,16,DE,DEU,Germany,49,Telogic/ViStream
262,4,DE,DEU,Germany,49,Vodafone D2
262,2,DE,DEU,Germany,49,Vodafone D2
262,42,DE,DEU,Germany,49,Vodafone D2
262,9,DE,DEU,Germany,49,Vodafone D2
620,3,GH,GHA,Ghana,233,Airtel/Tigo
620,6,GH,GHA,Ghana,233,Airtel/Tigo
620,4,GH,GHA,Ghana,233,Expresso Ghana Ltd
620,7,GH,GHA,Ghana,233,GloMobile
620,1,GH,GHA,Ghana,233,MTN
620,2,GH,GHA,Ghana,233,Vodafone
266,6,GI,GIB,Gibraltar,350,CTS Mobile
266,9,GI,GIB,Gibraltar,350,eazi telecom
266,999,GI,GIB,Gibraltar,350,Fix Line
266,1,GI,GIB,Gibraltar,350,Gibtel GSM
202,7,GR,GRC,Greece,30,AMD Telecom SA
202,1,GR,GRC,Greece,30,Cosmote
202,2,GR,GRC,Greece,30,Cosmote
202,14,GR,GRC,Greece,30,CyTa Mobile
202,999,GR,GRC,Greece,30,Fix Line
202,4,GR,GRC,Greece,30,Organismos Sidirodromon Ellados (OSE)
202,3,GR,GRC,Greece,30,OTE Hellenic Telecommunications Organization SA
202,10,GR,GRC,Greece,30,Tim/Wind
202,9,GR,GRC,Greece,30,Tim/Wind
202,5,GR,GRC,Greece,30,Vodafone
290,1,GL,GRL,Greenland,299,Tele Greenland
352,110,GD,GRD,Grenada,1473,Cable & Wireless
352,30,GD,GRD,Grenada,1473,Digicel
352,50,GD,GRD,Grenada,1473,Digicel
340,8,GP,GLP,Guadeloupe,590,Dauphin Telecom SU (Guadeloupe Telecom)
340,10,GP,GLP,Guadeloupe,590,
310,370,GU,GUM,Guam,1671,Docomo
310,470,GU,GUM,Guam,1671,Docomo
310,140,GU,GUM,Guam,1671,GTA Wireless
310,33,GU,GUM,Guam,1671,Guam Teleph. Auth.
310,32,GU,GUM,Guam,1671,IT&E OverSeas
311,250,GU,GUM,Guam,1671,Wave Runner LLC
704,1,GT,GTM,Guatemala,502,Claro
704,3,GT,GTM,Guatemala,502,Telefonica
704,2,GT,GTM,Guatemala,502,TIGO/COMCEL
611,4,GN,GIN,Guinea,224,MTN/Areeba
611,5,GN,GIN,Guinea,224,Celcom
611,3,GN,GIN,Guinea,224,Intercel
611,1,GN,GIN,Guinea,224,Orange/Sonatel/Spacetel
611,2,GN,GIN,Guinea,224,SotelGui
632,999,GW,GNB,Guinea-Bissau,245,Fix Line
632,1,GW,GNB,Guinea-Bissau,245,GuineTel
632,3,GW,GNB,Guinea-Bissau,245,Orange
632,2,GW,GNB,Guinea-Bissau,245,SpaceTel
738,2,GY,GUY,Guyana,592,Cellink Plus
738,1,GY,GUY,Guyana,592,DigiCel
372,1,HT,HTI,Haiti,509,Comcel
372,2,HT,HTI,Haiti,509,Digicel
372,3,HT,HTI,Haiti,509,National Telecom SA (NatCom)
708,40,HN,HND,Honduras,504,Digicel
708,30,HN,HND,Honduras,504,HonduTel
708,1,HN,HND,Honduras,504,SERCOM/CLARO
708,2,HN,HND,Honduras,504,Telefonica/CELTEL
454,13,HK,HKG,"Hongkong, China",852,China Mobile/Peoples
454,12,HK,HKG,"Hongkong, China",852,China Mobile/Peoples
454,28,HK,HKG,"Hongkong, China",852,China Mobile/Peoples
454,9,HK,HKG,"Hongkong, China",852,China Motion
454,7,HK,HKG,"Hongkong, China",852,China Unicom Ltd
454,11,HK,HKG,"Hongkong, China",852,China-HongKong Telecom Ltd (CHKTL)
454,1,HK,HKG,"Hongkong, China",852,Citic Telecom Ltd.
454,0,HK,HKG,"Hongkong, China",852,CSL Ltd.
454,18,HK,HKG,"Hongkong, China",852,CSL Ltd.
454,2,HK,HKG,"Hongkong, China",852,CSL Ltd.
454,10,HK,HKG,"Hongkong, China",852,CSL/New World PCS Ltd.
454,31,HK,HKG,"Hongkong, China",852,CTExcel
454,5,HK,HKG,"Hongkong, China",852,H3G/Hutchinson
454,4,HK,HKG,"Hongkong, China",852,H3G/Hutchinson
454,3,HK,HKG,"Hongkong, China",852,H3G/Hutchinson
454,14,HK,HKG,"Hongkong, China",852,H3G/Hutchinson
454,20,HK,HKG,"Hongkong, China",852,HKT/PCCW
454,19,HK,HKG,"Hongkong, China",852,HKT/PCCW
454,29,HK,HKG,"Hongkong, China",852,HKT/PCCW
454,16,HK,HKG,"Hongkong, China",852,HKT/PCCW
454,47,HK,HKG,"Hongkong, China",852,shared by private TETRA systems
454,24,HK,HKG,"Hongkong, China",852,Multibyte Info Technology Ltd
454,40,HK,HKG,"Hongkong, China",852,shared by private TETRA systems
454,8,HK,HKG,"Hongkong, China",852,Truephone
454,17,HK,HKG,"Hongkong, China",852,Vodafone/SmarTone
454,15,HK,HKG,"Hongkong, China",852,Vodafone/SmarTone
454,6,HK,HKG,"Hongkong, China",852,Vodafone/SmarTone
216,3,HU,HUN,Hungary,36,DIGI
216,999,HU,HUN,Hungary,36,Fix line
216,1,HU,HUN,Hungary,36,Pannon/Telenor
216,30,HU,HUN,Hungary,36,T-mobile/Magyar
216,71,HU,HUN,Hungary,36,UPC Magyarorszag Kft.
216,70,HU,HUN,Hungary,36,Vodafone
274,9,IS,ISL,Iceland,354,Amitelo
274,7,IS,ISL,Iceland,354,IceCell
274,8,IS,ISL,Iceland,354,Siminn
274,1,IS,ISL,Iceland,354,Siminn
274,11,IS,ISL,Iceland,354,NOVA
274,4,IS,ISL,Iceland,354,VIKING/IMC
274,5,IS,ISL,Iceland,354,Vodafone/Tal hf
274,3,IS,ISL,Iceland,354,Vodafone/Tal hf
274,2,IS,ISL,Iceland,354,Vodafone/Tal hf
404,33,IN,IND,India,91,Aircel
404,29,IN,IND,India,91,Aircel
404,28,IN,IND,India,91,Aircel
404,25,IN,IND,India,91,Aircel
404,17,IN,IND,India,91,Aircel
404,42,IN,IND,India,91,Aircel
404,1,IN,IND,India,91,Aircel Digilink India
404,15,IN,IND,India,91,Aircel Digilink India
404,60,IN,IND,India,91,Aircel Digilink India
405,53,IN,IND,India,91,AirTel
404,86,IN,IND,India,91,Barakhamba Sales & Serv.
404,13,IN,IND,India,91,Barakhamba Sales & Serv.
404,73,IN,IND,India,91,BSNL
404,34,IN,IND,India,91,BSNL
404,66,IN,IND,India,91,BSNL
404,55,IN,IND,India,91,BSNL
404,72,IN,IND,India,91,BSNL
404,77,IN,IND,India,91,BSNL
404,64,IN,IND,India,91,BSNL
404,54,IN,IND,India,91,BSNL
404,71,IN,IND,India,91,BSNL
404,76,IN,IND,India,91,BSNL
404,53,IN,IND,India,91,BSNL
404,62,IN,IND,India,91,BSNL
404,59,IN,IND,India,91,BSNL
404,75,IN,IND,India,91,BSNL
404,51,IN,IND,India,91,BSNL
404,58,IN,IND,India,91,BSNL
404,81,IN,IND,India,91,BSNL
404,74,IN,IND,India,91,BSNL
404,38,IN,IND,India,91,BSNL
404,57,IN,IND,India,91,BSNL
404,80,IN,IND,India,91,BSNL
404,10,IN,IND,India,91,Bharti Airtel Limited (Delhi)
404,45,IN,IND,India,91,Bharti Airtel Limited (Karnataka) (India)
404,79,IN,IND,India,91,CellOne A&N
404,82,IN,IND,India,91,Escorts Telecom Ltd.
404,89,IN,IND,India,91,Escorts Telecom Ltd.
404,88,IN,IND,India,91,Escorts Telecom Ltd.
404,87,IN,IND,India,91,Escorts Telecom Ltd.
404,56,IN,IND,India,91,Escotel Mobile Communications
404,12,IN,IND,India,91,Escotel Mobile Communications
404,19,IN,IND,India,91,Escotel Mobile Communications
405,5,IN,IND,India,91,Fascel Limited
404,5,IN,IND,India,91,Fascel
404,998,IN,IND,India,91,Fix Line
404,70,IN,IND,India,91,Hexacom India
404,16,IN,IND,India,91,Hexcom India
404,7,IN,IND,India,91,Idea Cellular Ltd.
404,4,IN,IND,India,91,Idea Cellular Ltd.
404,24,IN,IND,India,91,Idea Cellular Ltd.
404,22,IN,IND,India,91,Idea Cellular Ltd.
404,78,IN,IND,India,91,Idea Cellular Ltd.
404,69,IN,IND,India,91,Mahanagar Telephone Nigam
404,68,IN,IND,India,91,Mahanagar Telephone Nigam
404,83,IN,IND,India,91,Reliable Internet Services
404,67,IN,IND,India,91,Reliance Telecom Private
404,18,IN,IND,India,91,Reliance Telecom Private
405,87,IN,IND,India,91,Reliance Telecom Private
404,85,IN,IND,India,91,Reliance Telecom Private
404,9,IN,IND,India,91,Reliance Telecom Private
404,36,IN,IND,India,91,Reliance Telecom Private
404,52,IN,IND,India,91,Reliance Telecom Private
404,50,IN,IND,India,91,Reliance Telecom Private
404,41,IN,IND,India,91,RPG Cellular
404,14,IN,IND,India,91,Spice
404,44,IN,IND,India,91,Spice
404,11,IN,IND,India,91,Sterling Cellular Ltd.
405,34,IN,IND,India,91,TATA / Karnataka
404,30,IN,IND,India,91,Usha Martin Telecom
404,999,IN,IND,India,91,Various Networks
404,27,IN,IND,India,91,Unknown
404,43,IN,IND,India,91,Vodafone/Essar/Hutch
404,20,IN,IND,India,91,Unknown
510,8,ID,IDN,Indonesia,62,Axis/Natrindo
510,99,ID,IDN,Indonesia,62,Esia (PT Bakrie Telecom) (CDMA)
510,999,ID,IDN,Indonesia,62,Fix Line
510,7,ID,IDN,Indonesia,62,Flexi (PT Telkom) (CDMA)
510,89,ID,IDN,Indonesia,62,H3G CP
510,21,ID,IDN,Indonesia,62,Indosat/Satelindo/M3
510,1,ID,IDN,Indonesia,62,Indosat/Satelindo/M3
510,0,ID,IDN,Indonesia,62,PT Pasifik Satelit Nusantara (PSN)
510,27,ID,IDN,Indonesia,62,PT Sampoerna Telekomunikasi Indonesia (STI)
510,28,ID,IDN,Indonesia,62,PT Smartfren Telecom Tbk
510,9,ID,IDN,Indonesia,62,PT Smartfren Telecom Tbk
510,11,ID,IDN,Indonesia,62,PT. Excelcom
510,10,ID,IDN,Indonesia,62,Telkomsel
510,7,ID,IDN,Indonesia,62,Telkomsel
901,13,N/A,#N/A,International Networks,882,Antarctica
432,999,IR,IRN,Iran,98,Fix Line
432,19,IR,IRN,Iran,98,Mobile Telecommunications Company of Esfahan JV-PJS (MTCE)
432,70,IR,IRN,Iran,98,MTCE
432,35,IR,IRN,Iran,98,MTN/IranCell
432,20,IR,IRN,Iran,98,Rightel
432,32,IR,IRN,Iran,98,Taliya
432,11,IR,IRN,Iran,98,MCI/TCI
432,14,IR,IRN,Iran,98,TKC/KFZO
418,5,IQ,IRQ,Iraq,964,Asia Cell
418,66,IQ,IRQ,Iraq,964,Fastlink
418,92,IQ,IRQ,Iraq,964,Itisaluna and Kalemat
418,40,IQ,IRQ,Iraq,964,Korek
418,82,IQ,IRQ,Iraq,964,Korek
418,45,IQ,IRQ,Iraq,964,Mobitel (Iraq-Kurdistan) and Moutiny
418,20,IQ,IRQ,Iraq,964,ZAIN/Atheer/Orascom
418,30,IQ,IRQ,Iraq,964,Orascom Telecom
418,8,IQ,IRQ,Iraq,964,Sanatel
272,4,IE,IRL,Ireland,353,Access Telecom Ltd.
272,9,IE,IRL,Ireland,353,Clever Communications Ltd
272,7,IE,IRL,Ireland,353,eircom Ltd
272,11,IE,IRL,Ireland,353,Tesco Mobile/Liffey Telecom
272,13,IE,IRL,Ireland,353,Lycamobile
272,3,IE,IRL,Ireland,353,Meteor Mobile Ltd.
272,2,IE,IRL,Ireland,353,Three
272,17,IE,IRL,Ireland,353,Three
272,5,IE,IRL,Ireland,353,Three
272,15,IE,IRL,Ireland,353,Virgin Mobile
272,1,IE,IRL,Ireland,353,Vodafone Eircell
425,14,IL,ISR,Israel,972,Alon Cellular Ltd
425,2,IL,ISR,Israel,972,Cellcom ltd.
425,8,IL,ISR,Israel,972,Golan Telekom
425,15,IL,ISR,Israel,972,Home Cellular Ltd
425,77,IL,ISR,Israel,972,Hot Mobile/Mirs
425,7,IL,ISR,Israel,972,Hot Mobile/Mirs
425,9,IL,ISR,Israel,972,We4G/Marathon 018
425,1,IL,ISR,Israel,972,Orange/Partner Co. Ltd.
425,12,IL,ISR,Israel,972,Pelephone
425,3,IL,ISR,Israel,972,Pelephone
425,16,IL,ISR,Israel,972,Rami Levy Hashikma Marketing Communications Ltd
425,19,IL,ISR,Israel,972,Telzar/AZI
222,34,IT,ITA,Italy,39,BT Italia SpA
222,36,IT,ITA,Italy,39,Digi Mobil
222,36,IT,ITA,Italy,39,Digi Mobil
222,2,IT,ITA,Italy,39,Elsacom
222,8,IT,ITA,Italy,39,Fastweb SpA
222,999,IT,ITA,Italy,39,Fix Line
222,99,IT,ITA,Italy,39,Hi3G
222,50,IT,ITA,Italy,39,Iliad
222,77,IT,ITA,Italy,39,IPSE 2000
222,35,IT,ITA,Italy,39,Lycamobile Srl
222,7,IT,ITA,Italy,39,Noverca Italia Srl
222,33,IT,ITA,Italy,39,PosteMobile SpA
222,0,IT,ITA,Italy,39,Premium Numbers
222,30,IT,ITA,Italy,39,RFI Rete Ferroviaria Italiana SpA
222,48,IT,ITA,Italy,39,Telecom Italia Mobile SpA
222,43,IT,ITA,Italy,39,Telecom Italia Mobile SpA
222,1,IT,ITA,Italy,39,TIM
222,10,IT,ITA,Italy,39,Vodafone
222,6,IT,ITA,Italy,39,Vodafone
222,0,IT,ITA,Italy,39,VOIP Line
222,44,IT,ITA,Italy,39,WIND (Blu) -
222,88,IT,ITA,Italy,39,WIND (Blu) -
612,7,CI,CZE,Ivory Coast,225,Aircomm SA
612,2,CI,CZE,Ivory Coast,225,Atlantik Tel./Moov
612,4,CI,CZE,Ivory Coast,225,Comium
612,1,CI,CZE,Ivory Coast,225,Comstar
612,5,CI,CZE,Ivory Coast,225,MTN
612,3,CI,CZE,Ivory Coast,225,Orange
612,6,CI,CZE,Ivory Coast,225,OriCell
338,20,JM,JAM,Jamaica,1876,Cable & Wireless
338,110,JM,JAM,Jamaica,1876,Cable & Wireless
338,180,JM,JAM,Jamaica,1876,Cable & Wireless
338,50,JM,JAM,Jamaica,1876,DIGICEL/Mossel
440,0,JP,JPN,Japan,81,Y-Mobile
440,56,JP,JPN,Japan,81,KDDI Corporation
441,70,JP,JPN,Japan,81,KDDI Corporation
440,52,JP,JPN,Japan,81,KDDI Corporation
440,76,JP,JPN,Japan,81,KDDI Corporation
440,71,JP,JPN,Japan,81,KDDI Corporation
440,53,JP,JPN,Japan,81,KDDI Corporation
440,77,JP,JPN,Japan,81,KDDI Corporation
440,72,JP,JPN,Japan,81,KDDI Corporation
440,8,JP,JPN,Japan,81,KDDI Corporation
440,54,JP,JPN,Japan,81,KDDI Corporation
440,79,JP,JPN,Japan,81,KDDI Corporation
440,73,JP,JPN,Japan,81,KDDI Corporation
440,7,JP,JPN,Japan,81,KDDI Corporation
440,55,JP,JPN,Japan,81,KDDI Corporation
440,88,JP,JPN,Japan,81,KDDI Corporation
440,74,JP,JPN,Japan,81,KDDI Corporation
440,50,JP,JPN,Japan,81,KDDI Corporation
440,70,JP,JPN,Japan,81,KDDI Corporation
440,89,JP,JPN,Japan,81,KDDI Corporation
440,51,JP,JPN,Japan,81,KDDI Corporation
440,75,JP,JPN,Japan,81,KDDI Corporation
440,28,JP,JPN,Japan,81,NTT Docomo
440,3,JP,JPN,Japan,81,NTT Docomo
440,12,JP,JPN,Japan,81,NTT Docomo
440,58,JP,JPN,Japan,81,NTT Docomo
440,32,JP,JPN,Japan,81,NTT Docomo
440,61,JP,JPN,Japan,81,NTT Docomo
440,18,JP,JPN,Japan,81,NTT Docomo
441,91,JP,JPN,Japan,81,NTT Docomo
441,40,JP,JPN,Japan,81,NTT Docomo
440,66,JP,JPN,Japan,81,NTT Docomo
440,35,JP,JPN,Japan,81,NTT Docomo
441,93,JP,JPN,Japan,81,NTT Docomo
440,29,JP,JPN,Japan,81,NTT Docomo
440,9,JP,JPN,Japan,81,NTT Docomo
440,49,JP,JPN,Japan,81,NTT Docomo
440,33,JP,JPN,Japan,81,NTT Docomo
440,60,JP,JPN,Japan,81,NTT Docomo
440,19,JP,JPN,Japan,81,NTT Docomo
441,90,JP,JPN,Japan,81,NTT Docomo
441,41,JP,JPN,Japan,81,NTT Docomo
440,67,JP,JPN,Japan,81,NTT Docomo
440,14,JP,JPN,Japan,81,NTT Docomo
441,94,JP,JPN,Japan,81,NTT Docomo
440,30,JP,JPN,Japan,81,NTT Docomo
440,10,JP,JPN,Japan,81,NTT Docomo
440,62,JP,JPN,Japan,81,NTT Docomo
440,39,JP,JPN,Japan,81,NTT Docomo
440,24,JP,JPN,Japan,81,NTT Docomo
441,45,JP,JPN,Japan,81,NTT Docomo
441,42,JP,JPN,Japan,81,NTT Docomo
440,68,JP,JPN,Japan,81,NTT Docomo
440,15,JP,JPN,Japan,81,NTT Docomo
441,98,JP,JPN,Japan,81,NTT Docomo
440,26,JP,JPN,Japan,81,NTT Docomo
440,11,JP,JPN,Japan,81,NTT Docomo
440,63,JP,JPN,Japan,81,NTT Docomo
440,38,JP,JPN,Japan,81,NTT Docomo
440,13,JP,JPN,Japan,81,NTT Docomo
440,23,JP,JPN,Japan,81,NTT Docomo
440,21,JP,JPN,Japan,81,NTT Docomo
441,44,JP,JPN,Japan,81,NTT Docomo
440,34,JP,JPN,Japan,81,NTT Docomo
440,69,JP,JPN,Japan,81,NTT Docomo
440,16,JP,JPN,Japan,81,NTT Docomo
441,99,JP,JPN,Japan,81,NTT Docomo
440,64,JP,JPN,Japan,81,NTT Docomo
440,37,JP,JPN,Japan,81,NTT Docomo
440,25,JP,JPN,Japan,81,NTT Docomo
440,27,JP,JPN,Japan,81,NTT Docomo
440,2,JP,JPN,Japan,81,NTT Docomo
440,22,JP,JPN,Japan,81,NTT Docomo
441,43,JP,JPN,Japan,81,NTT Docomo
440,31,JP,JPN,Japan,81,NTT Docomo
440,87,JP,JPN,Japan,81,NTT Docomo
440,1,JP,JPN,Japan,81,NTT Docomo
440,17,JP,JPN,Japan,81,NTT Docomo
440,65,JP,JPN,Japan,81,NTT Docomo
440,36,JP,JPN,Japan,81,NTT Docomo
441,92,JP,JPN,Japan,81,NTT Docomo
440,99,JP,JPN,Japan,81,NTT Docomo
440,78,JP,JPN,Japan,81,Okinawa Cellular Telephone
440,92,JP,JPN,Japan,81,SoftBank Mobile Corp
440,98,JP,JPN,Japan,81,SoftBank Mobile Corp
440,43,JP,JPN,Japan,81,SoftBank Mobile Corp
440,93,JP,JPN,Japan,81,SoftBank Mobile Corp
440,48,JP,JPN,Japan,81,SoftBank Mobile Corp
440,6,JP,JPN,Japan,81,SoftBank Mobile Corp
441,61,JP,JPN,Japan,81,SoftBank Mobile Corp
440,44,JP,JPN,Japan,81,SoftBank Mobile Corp
440,94,JP,JPN,Japan,81,SoftBank Mobile Corp
440,4,JP,JPN,Japan,81,SoftBank Mobile Corp
441,62,JP,JPN,Japan,81,SoftBank Mobile Corp
440,45,JP,JPN,Japan,81,SoftBank Mobile Corp
440,20,JP,JPN,Japan,81,SoftBank Mobile Corp
440,96,JP,JPN,Japan,81,SoftBank Mobile Corp
440,40,JP,JPN,Japan,81,SoftBank Mobile Corp
441,63,JP,JPN,Japan,81,SoftBank Mobile Corp
440,47,JP,JPN,Japan,81,SoftBank Mobile Corp
440,95,JP,JPN,Japan,81,SoftBank Mobile Corp
440,41,JP,JPN,Japan,81,SoftBank Mobile Corp
441,64,JP,JPN,Japan,81,SoftBank Mobile Corp
440,46,JP,JPN,Japan,81,SoftBank Mobile Corp
440,97,JP,JPN,Japan,81,SoftBank Mobile Corp
440,42,JP,JPN,Japan,81,SoftBank Mobile Corp
440,90,JP,JPN,Japan,81,SoftBank Mobile Corp
441,65,JP,JPN,Japan,81,SoftBank Mobile Corp
440,85,JP,JPN,Japan,81,KDDI Corporation
440,83,JP,JPN,Japan,81,KDDI Corporation
440,81,JP,JPN,Japan,81,KDDI Corporation
440,80,JP,JPN,Japan,81,KDDI Corporation
440,86,JP,JPN,Japan,81,KDDI Corporation
440,82,JP,JPN,Japan,81,KDDI Corporation
440,84,JP,JPN,Japan,81,KDDI Corporation
416,999,JO,JOR,Jordan,962,Fix Line
416,77,JO,JOR,Jordan,962,Orange/Petra
416,3,JO,JOR,Jordan,962,Umniah Mobile Co.
416,2,JO,JOR,Jordan,962,Xpress
416,1,JO,JOR,Jordan,962,ZAIN /J.M.T.S
401,1,KZ,KAZ,Kazakhstan,7,Beeline/KaR-Tel LLP
401,7,KZ,KAZ,Kazakhstan,7,Dalacom/Altel
401,2,KZ,KAZ,Kazakhstan,7,K-Cell
401,77,KZ,KAZ,Kazakhstan,7,Tele2/NEO/MTS
639,5,KE,KEN,Kenya,254,Econet Wireless
639,2,KE,KEN,Kenya,254,Safaricom Ltd.
639,7,KE,KEN,Kenya,254,Telkom fka. Orange
639,3,KE,KEN,Kenya,254,Airtel/Zain/Celtel Ltd.
545,9,KI,KIR,Kiribati,686,Kiribati Frigate
467,193,KP,PRK,"Korea N., Dem. People's Rep.",850,Sun Net
450,4,KR,KOR,"Korea S, Republic of",82,KT Freetel Co. Ltd.
450,8,KR,KOR,"Korea S, Republic of",82,KT Freetel Co. Ltd.
450,2,KR,KOR,"Korea S, Republic of",82,KT Freetel Co. Ltd.
450,6,KR,KOR,"Korea S, Republic of",82,LG Telecom
450,3,KR,KOR,"Korea S, Republic of",82,SK Telecom
450,5,KR,KOR,"Korea S, Republic of",82,SK Telecom Co. Ltd
221,6,XK,#N/A,Kosovo,383,Dardafon.Net LLC
221,2,XK,#N/A,Kosovo,383,IPKO
221,3,XK,#N/A,Kosovo,383,MTS DOO
221,1,XK,#N/A,Kosovo,383,Vala
419,999,KW,KWT,Kuwait,965,Fix Line
419,2,KW,KWT,Kuwait,965,Zain
419,4,KW,KWT,Kuwait,965,Viva
419,3,KW,KWT,Kuwait,965,Ooredoo
437,3,KG,KGZ,Kyrgyzstan,996,AkTel LLC
437,1,KG,KGZ,Kyrgyzstan,996,Beeline/Bitel
437,5,KG,KGZ,Kyrgyzstan,996,MEGACOM
437,9,KG,KGZ,Kyrgyzstan,996,O!/NUR Telecom
457,2,LA,LAO,Laos P.D.R.,856,ETL Mobile
457,1,LA,LAO,Laos P.D.R.,856,Lao Tel
457,8,LA,LAO,Laos P.D.R.,856,Beeline/Tigo/Millicom
457,3,LA,LAO,Laos P.D.R.,856,UNITEL/LAT
247,5,LV,LVA,Latvia,371,Bite
247,1,LV,LVA,Latvia,371,Latvian Mobile Phone
247,9,LV,LVA,Latvia,371,SIA Camel Mobile
247,8,LV,LVA,Latvia,371,SIA IZZI
247,7,LV,LVA,Latvia,371,SIA Master Telecom
247,6,LV,LVA,Latvia,371,SIA Rigatta
247,2,LV,LVA,Latvia,371,Tele2
247,3,LV,LVA,Latvia,371,TRIATEL/Telekom Baltija
415,35,LB,LBN,Lebanon,961,Cellis
415,33,LB,LBN,Lebanon,961,Cellis
415,32,LB,LBN,Lebanon,961,Cellis
415,34,LB,LBN,Lebanon,961,FTML Cellis
415,37,LB,LBN,Lebanon,961,MIC2/LibanCell/MTC
415,39,LB,LBN,Lebanon,961,MIC2/LibanCell/MTC
415,38,LB,LBN,Lebanon,961,MIC2/LibanCell/MTC
415,1,LB,LBN,Lebanon,961,MIC1 (Alfa)
415,3,LB,LBN,Lebanon,961,MIC2/LibanCell/MTC
415,36,LB,LBN,Lebanon,961,MIC2/LibanCell/MTC
651,2,LS,LSO,Lesotho,266,Econet/Ezi-cel
651,1,LS,LSO,Lesotho,266,Vodacom Lesotho
618,4,LR,LBR,Liberia,231,Comium BVI
618,2,LR,LBR,Liberia,231,Libercell
618,20,LR,LBR,Liberia,231,LibTelco
618,1,LR,LBR,Liberia,231,Lonestar
618,7,LR,LBR,Liberia,231,Orange
606,2,LY,LBY,Libya,218,Al-Madar
606,1,LY,LBY,Libya,218,Al-Madar
606,6,LY,LBY,Libya,218,Hatef
606,0,LY,LBY,Libya,218,Libyana
606,3,LY,LBY,Libya,218,Libyana
295,6,LI,LIE,Liechtenstein,423,CUBIC (Liechtenstein
295,7,LI,LIE,Liechtenstein,423,First Mobile AG
295,2,LI,LIE,Liechtenstein,423,Orange
295,1,LI,LIE,Liechtenstein,423,Swisscom FL AG
295,77,LI,LIE,Liechtenstein,423,Alpmobile/Tele2
295,5,LI,LIE,Liechtenstein,423,Telecom FL1 AG
246,2,LT,LTU,Lithuania,370,Bite
246,1,LT,LTU,Lithuania,370,Omnitel
246,3,LT,LTU,Lithuania,370,Tele2
270,999,LU,LUX,Luxembourg,352,Fix Line
270,77,LU,LUX,Luxembourg,352,Millicom Tango GSM
270,1,LU,LUX,Luxembourg,352,P+T/Post LUXGSM
270,99,LU,LUX,Luxembourg,352,Orange/VOXmobile S.A.
455,1,MO,MAC,"Macao, China",853,C.T.M. TELEMOVEL+
455,4,MO,MAC,"Macao, China",853,C.T.M. TELEMOVEL+
455,2,MO,MAC,"Macao, China",853,China Telecom
455,5,MO,MAC,"Macao, China",853,Hutchison Telephone Co. Ltd
455,3,MO,MAC,"Macao, China",853,Hutchison Telephone Co. Ltd
455,6,MO,MAC,"Macao, China",853,Smartone Mobile
455,0,MO,MAC,"Macao, China",853,Smartone Mobile
294,75,MK,MKD,Macedonia,389,ONE/Cosmofone
294,4,MK,MKD,Macedonia,389,Lycamobile
294,2,MK,MKD,Macedonia,389,ONE/Cosmofone
294,1,MK,MKD,Macedonia,389,T-Mobile/Mobimak
294,3,MK,MKD,Macedonia,389,VIP Mobile
646,1,MG,MDG,Madagascar,261,Airtel/MADACOM
646,2,MG,MDG,Madagascar,261,Orange/Soci
646,3,MG,MDG,Madagascar,261,Sacel
646,4,MG,MDG,Madagascar,261,Telma
650,1,MW,MWI,Malawi,265,TNM/Telekom Network Ltd.
650,10,MW,MWI,Malawi,265,Airtel/Zain/Celtel ltd.
502,1,MY,MYS,Malaysia,60,Art900
502,151,MY,MYS,Malaysia,60,Baraka Telecom Sdn Bhd
502,19,MY,MYS,Malaysia,60,CelCom
502,13,MY,MYS,Malaysia,60,CelCom
502,198,MY,MYS,Malaysia,60,CelCom
502,16,MY,MYS,Malaysia,60,Digi Telecommunications
502,10,MY,MYS,Malaysia,60,Digi Telecommunications
502,20,MY,MYS,Malaysia,60,Electcoms Wireless Sdn Bhd
502,999,MY,MYS,Malaysia,60,Fix Line
502,17,MY,MYS,Malaysia,60,Maxis
502,12,MY,MYS,Malaysia,60,Maxis
502,11,MY,MYS,Malaysia,60,MTX Utara
502,153,MY,MYS,Malaysia,60,Webe/Packet One Networks (Malaysia) Sdn Bhd
502,155,MY,MYS,Malaysia,60,Samata Communications Sdn Bhd
502,154,MY,MYS,Malaysia,60,Tron/Talk Focus Sdn Bhd
502,150,MY,MYS,Malaysia,60,TuneTalk
502,18,MY,MYS,Malaysia,60,U Mobile
502,195,MY,MYS,Malaysia,60,XOX Com Sdn Bhd
502,152,MY,MYS,Malaysia,60,YES
472,1,MV,MDV,Maldives,960,Dhiraagu/C&W
472,2,MV,MDV,Maldives,960,Ooredo/Wataniya
610,3,ML,MLI,Mali,223,ATEL SA
610,1,ML,MLI,Mali,223,Malitel
610,2,ML,MLI,Mali,223,Orange/IKATEL
278,999,MT,MLT,Malta,356,Fix Line
278,21,MT,MLT,Malta,356,GO Mobile
278,77,MT,MLT,Malta,356,Melita
278,1,MT,MLT,Malta,356,Vodafone
340,12,MQ,MTQ,Martinique (French Department of),596,UTS Caraibe
609,2,MR,MRT,Mauritania,222,Chinguitel SA
609,1,MR,MRT,Mauritania,222,Mattel
609,10,MR,MRT,Mauritania,222,Mauritel
617,10,MU,MUS,Mauritius,230,Emtel Ltd
617,2,MU,MUS,Mauritius,230,CHILI/MTML
617,3,MU,MUS,Mauritius,230,CHILI/MTML
617,1,MU,MUS,Mauritius,230,Orange/Cellplus
334,50,MX,MEX,Mexico,52,AT&T/IUSACell
334,50,MX,MEX,Mexico,52,AT&T/IUSACell
334,40,MX,MEX,Mexico,52,AT&T/IUSACell
334,5,MX,MEX,Mexico,52,AT&T/IUSACell
334,4,MX,MEX,Mexico,52,AT&T/IUSACell
334,3,MX,MEX,Mexico,52,Movistar/Pegaso
334,30,MX,MEX,Mexico,52,Movistar/Pegaso
334,1,MX,MEX,Mexico,52,NEXTEL
334,9,MX,MEX,Mexico,52,NEXTEL
334,90,MX,MEX,Mexico,52,NEXTEL
334,10,MX,MEX,Mexico,52,NEXTEL
334,80,MX,MEX,Mexico,52,Operadora Unefon SA de CV
334,70,MX,MEX,Mexico,52,Operadora Unefon SA de CV
334,60,MX,MEX,Mexico,52,SAI PCS
334,2,MX,MEX,Mexico,52,TelCel/America Movil
334,20,MX,MEX,Mexico,52,TelCel/America Movil
550,1,FM,FSM,Micronesia,691,FSM Telecom
259,4,MD,MDA,Moldova,373,Eventis Mobile
259,5,MD,MDA,Moldova,373,IDC/Unite
259,3,MD,MDA,Moldova,373,IDC/Unite
259,99,MD,MDA,Moldova,373,IDC/Unite
259,2,MD,MDA,Moldova,373,Moldcell
259,1,MD,MDA,Moldova,373,Orange/Voxtel
212,10,MC,MCO,Monaco,377,Monaco Telecom
212,1,MC,MCO,Monaco,377,Monaco Telecom
428,98,MN,MNG,Mongolia,976,G-Mobile Corporation Ltd
428,99,MN,MNG,Mongolia,976,Mobicom
428,91,MN,MNG,Mongolia,976,Skytel Co. Ltd
428,0,MN,MNG,Mongolia,976,Skytel Co. Ltd
428,88,MN,MNG,Mongolia,976,Unitel
297,2,ME,MNE,Montenegro,382,Monet/T-mobile
297,3,ME,MNE,Montenegro,382,Mtel
297,1,ME,MNE,Montenegro,382,Telenor/Promonte GSM
354,860,MS,MSR,Montserrat,1664,Cable & Wireless
604,99,MA,MAR,Morocco,212,Al Houria Telecom
604,4,MA,MAR,Morocco,212,Al Houria Telecom
604,1,MA,MAR,Morocco,212,IAM/Itissallat
604,6,MA,MAR,Morocco,212,IAM/Itissallat
604,2,MA,MAR,Morocco,212,INWI/WANA
604,5,MA,MAR,Morocco,212,INWI/WANA
604,0,MA,MAR,Morocco,212,Orange/Medi Telecom
643,1,MZ,MOZ,Mozambique,258,mCel
643,3,MZ,MOZ,Mozambique,258,Movitel
643,4,MZ,MOZ,Mozambique,258,Vodacom
414,999,MM,MMR,Myanmar (Burma),95,Fix Line (Myanmar
414,1,MM,MMR,Myanmar (Burma),95,Myanmar Post & Teleco.
414,9,MM,MMR,Myanmar (Burma),95,Mytel (Myanmar
414,5,MM,MMR,Myanmar (Burma),95,Oreedoo
414,6,MM,MMR,Myanmar (Burma),95,Telenor
649,3,NA,NAM,Namibia,264,TN Mobile
649,1,NA,NAM,Namibia,264,MTC
649,2,NA,NAM,Namibia,264,Switch/Nam. Telec.
429,2,NP,NPL,Nepal,977,Ncell
429,1,NP,NPL,Nepal,977,NT Mobile / Namaste
429,4,NP,NPL,Nepal,977,Smart Cell
204,14,NL,NLD,Netherlands,31,6GMOBILE BV
204,23,NL,NLD,Netherlands,31,Aspider Solutions
204,5,NL,NLD,Netherlands,31,Elephant Talk Communications Premium Rate Services Netherlands BV
204,17,NL,NLD,Netherlands,31,Intercity Mobile Communications BV
204,8,NL,NLD,Netherlands,31,KPN Telecom B.V.
204,69,NL,NLD,Netherlands,31,KPN Telecom B.V.
204,10,NL,NLD,Netherlands,31,KPN Telecom B.V.
204,12,NL,NLD,Netherlands,31,KPN/Telfort
204,28,NL,NLD,Netherlands,31,Lancelot BV
204,9,NL,NLD,Netherlands,31,Lycamobile Ltd
204,6,NL,NLD,Netherlands,31,Mundio/Vectone Mobile
204,21,NL,NLD,Netherlands,31,NS Railinfrabeheer B.V.
204,24,NL,NLD,Netherlands,31,Private Mobility Nederland BV
204,98,NL,NLD,Netherlands,31,T-Mobile B.V.
204,16,NL,NLD,Netherlands,31,T-Mobile B.V.
204,20,NL,NLD,Netherlands,31,T-mobile/former Orange
204,2,NL,NLD,Netherlands,31,Tele2
204,7,NL,NLD,Netherlands,31,Teleena Holding BV
204,68,NL,NLD,Netherlands,31,Unify Mobile
204,18,NL,NLD,Netherlands,31,UPC Nederland BV
204,4,NL,NLD,Netherlands,31,Vodafone Libertel
204,3,NL,NLD,Netherlands,31,Voiceworks Mobile BV
204,15,NL,NLD,Netherlands,31,Ziggo BV
362,630,AN,#N/A,Netherlands Antilles,599,Cingular Wireless
362,51,AN,#N/A,Netherlands Antilles,599,TELCELL GSM
362,91,AN,#N/A,Netherlands Antilles,599,SETEL GSM
362,951,AN,#N/A,Netherlands Antilles,599,UTS Wireless
546,1,NC,NCL,New Caledonia,687,OPT Mobilis
530,28,NZ,NZL,New Zealand,64,2degrees
530,999,NZ,NZL,New Zealand,64,Fix Line
530,5,NZ,NZL,New Zealand,64,Spark/NZ Telecom
530,2,NZ,NZL,New Zealand,64,Spark/NZ Telecom
530,4,NZ,NZL,New Zealand,64,Telstra
530,24,NZ,NZL,New Zealand,64,Two Degrees Mobile Ltd
530,1,NZ,NZL,New Zealand,64,Vodafone
530,3,NZ,NZL,New Zealand,64,Walker Wireless Ltd.
710,21,NI,NIC,Nicaragua,505,Empresa Nicaraguense de Telecomunicaciones SA (ENITEL)
710,999,NI,NIC,Nicaragua,505,Fix Line
710,30,NI,NIC,Nicaragua,505,Movistar
710,73,NI,NIC,Nicaragua,505,Claro
614,3,NE,NER,Niger,227,MOOV/TeleCel
614,4,NE,NER,Niger,227,Orange
614,1,NE,NER,Niger,227,Sahelcom
614,2,NE,NER,Niger,227,Airtel/Zain/CelTel
621,20,NG,NGA,Nigeria,234,Airtel/ZAIN/Econet
621,60,NG,NGA,Nigeria,234,ETISALAT
621,50,NG,NGA,Nigeria,234,Glo Mobile
621,40,NG,NGA,Nigeria,234,M-Tel/Nigeria Telecom. Ltd.
621,30,NG,NGA,Nigeria,234,MTN
621,99,NG,NGA,Nigeria,234,Starcomms
621,25,NG,NGA,Nigeria,234,Visafone
621,1,NG,NGA,Nigeria,234,Visafone
555,1,NU,NIU,Niue,683,Niue Telecom
242,9,NO,NOR,Norway,47,Com4 AS
242,999,NO,NOR,Norway,47,Fix Line
242,14,NO,NOR,Norway,47,ICE Nordisk Mobiltelefon AS
242,21,NO,NOR,Norway,47,Jernbaneverket (GSM-R)
242,20,NO,NOR,Norway,47,Jernbaneverket (GSM-R)
242,23,NO,NOR,Norway,47,Lycamobile Ltd
242,2,NO,NOR,Norway,47,Telia/Netcom
242,22,NO,NOR,Norway,47,Telia/Network Norway AS
242,5,NO,NOR,Norway,47,Telia/Network Norway AS
242,6,NO,NOR,Norway,47,ICE Nordisk Mobiltelefon AS
242,8,NO,NOR,Norway,47,TDC Mobil A/S
242,4,NO,NOR,Norway,47,Tele2
242,12,NO,NOR,Norway,47,Telenor
242,1,NO,NOR,Norway,47,Telenor
242,3,NO,NOR,Norway,47,Teletopia
242,17,NO,NOR,Norway,47,Ventelo AS
242,7,NO,NOR,Norway,47,Ventelo AS
422,3,OM,OMN,Oman,968,Nawras
422,2,OM,OMN,Oman,968,Oman Mobile/GTO
410,8,PK,PAK,Pakistan,92,Instaphone
410,1,PK,PAK,Pakistan,92,Mobilink
410,6,PK,PAK,Pakistan,92,Telenor
410,3,PK,PAK,Pakistan,92,UFONE/PAKTel
410,7,PK,PAK,Pakistan,92,Warid Telecom
410,4,PK,PAK,Pakistan,92,ZONG/CMPak
552,80,PW,PLW,Palau (Republic of),680,Palau Mobile Corp. (PMC) (Palau
552,1,PW,PLW,Palau (Republic of),680,Palau National Communications Corp. (PNCC) (Palau
552,2,PW,PLW,Palau (Republic of),680,PECI/PalauTel (Palau
425,5,PS,PSE,Palestinian Territory,970,Jawwal
425,6,PS,PSE,Palestinian Territory,970,Wataniya Mobile
714,1,PA,PAN,Panama,507,Cable & W./Mas Movil
714,3,PA,PAN,Panama,507,Claro
714,4,PA,PAN,Panama,507,Digicel
714,999,PA,PAN,Panama,507,Fix Line
714,2,PA,PAN,Panama,507,Movistar
714,20,PA,PAN,Panama,507,Movistar
537,3,PG,PNG,Papua New Guinea,675,Digicel
537,999,PG,PNG,Papua New Guinea,675,Fix Line
537,2,PG,PNG,Papua New Guinea,675,GreenCom PNG Ltd
537,1,PG,PNG,Papua New Guinea,675,Pacific Mobile
744,2,PY,PRY,Paraguay,595,Claro/Hutchison
744,3,PY,PRY,Paraguay,595,Compa
744,1,PY,PRY,Paraguay,595,Hola/VOX
744,5,PY,PRY,Paraguay,595,TIM/Nucleo/Personal
744,4,PY,PRY,Paraguay,595,Tigo/Telecel
716,10,PE,PER,Peru,51,Claro /Amer.Mov./TIM
716,20,PE,PER,Peru,51,Claro /Amer.Mov./TIM
716,2,PE,PER,Peru,51,GlobalStar
716,1,PE,PER,Peru,51,GlobalStar
716,6,PE,PER,Peru,51,Movistar
716,7,PE,PER,Peru,51,Nextel
716,17,PE,PER,Peru,51,Nextel
716,15,PE,PER,Peru,51,Viettel Mobile
515,999,PH,PHL,Philippines,63,Fix Line
515,2,PH,PHL,Philippines,63,Globe Telecom
515,1,PH,PHL,Philippines,63,Globe Telecom
515,88,PH,PHL,Philippines,63,Next Mobile
515,18,PH,PHL,Philippines,63,RED Mobile/Cure
515,3,PH,PHL,Philippines,63,Smart
515,5,PH,PHL,Philippines,63,SUN/Digitel
260,17,PL,POL,Poland,48,Aero2 SP.
260,18,PL,POL,Poland,48,AMD Telecom.
260,38,PL,POL,Poland,48,CallFreedom Sp. z o.o.
260,12,PL,POL,Poland,48,Cyfrowy POLSAT S.A.
260,8,PL,POL,Poland,48,e-Telko
260,999,PL,POL,Poland,48,Fix Line
260,9,PL,POL,Poland,48,Lycamobile
260,16,PL,POL,Poland,48,Mobyland
260,36,PL,POL,Poland,48,Mundio Mobile Sp. z o.o.
260,7,PL,POL,Poland,48,Play/P4
260,11,PL,POL,Poland,48,NORDISK Polska
260,3,PL,POL,Poland,48,Orange/IDEA/Centertel
260,5,PL,POL,Poland,48,Orange/IDEA/Centertel
260,35,PL,POL,Poland,48,PKP Polskie Linie Kolejowe S.A.
260,98,PL,POL,Poland,48,Play/P4
260,6,PL,POL,Poland,48,Play/P4
260,1,PL,POL,Poland,48,Polkomtel/Plus
260,13,PL,POL,Poland,48,Sferia
260,10,PL,POL,Poland,48,Sferia
260,14,PL,POL,Poland,48,Sferia
260,34,PL,POL,Poland,48,T-Mobile/ERA
260,2,PL,POL,Poland,48,T-Mobile/ERA
260,4,PL,POL,Poland,48,Aero2
260,15,PL,POL,Poland,48,Aero2
260,45,PL,POL,Poland,48,Virgin Mobile
268,999,PT,PRT,Portugal,351,Fix Line
268,4,PT,PRT,Portugal,351,Lycamobile
268,3,PT,PRT,Portugal,351,NOS/Optimus
268,7,PT,PRT,Portugal,351,NOS/Optimus
268,6,PT,PRT,Portugal,351,MEO/TMN
268,1,PT,PRT,Portugal,351,Vodafone
330,11,PR,PRI,Puerto Rico,,Puerto Rico Telephone Company Inc. (PRTC)
330,110,PR,PRI,Puerto Rico,,Puerto Rico Telephone Company Inc. (PRTC)
427,1,QA,QAT,Qatar,974,Ooredoo/Qtel
427,2,QA,QAT,Qatar,974,Vodafone
647,0,RE,REU,Reunion,262,Orange
647,2,RE,REU,Reunion,262,Outremer Telecom
647,10,RE,REU,Reunion,262,SFR
226,3,RO,ROU,Romania,40,Telekom Romania
226,11,RO,ROU,Romania,40,Enigma Systems
226,16,RO,ROU,Romania,40,Lycamobile
226,10,RO,ROU,Romania,40,Orange
226,5,RO,ROU,Romania,40,RCS&RDS Digi Mobile
226,2,RO,ROU,Romania,40,Romtelecom SA
226,6,RO,ROU,Romania,40,Telekom Romania
226,1,RO,ROU,Romania,40,Vodafone
226,4,RO,ROU,Romania,40,Telekom Romania
250,12,RU,RUS,Russian Federation,79,Baykal Westcom
250,99,RU,RUS,Russian Federation,79,BeeLine/VimpelCom
250,28,RU,RUS,Russian Federation,79,BeeLine/VimpelCom
250,10,RU,RUS,Russian Federation,79,DTC/Don Telecom
250,999,RU,RUS,Russian Federation,79,Fix Line
250,13,RU,RUS,Russian Federation,79,Kuban GSM
250,35,RU,RUS,Russian Federation,79,MOTIV/LLC Ekaterinburg-2000
250,2,RU,RUS,Russian Federation,79,Megafon
250,1,RU,RUS,Russian Federation,79,MTS
250,3,RU,RUS,Russian Federation,79,NCC
250,16,RU,RUS,Russian Federation,79,NTC
250,19,RU,RUS,Russian Federation,79,OJSC Altaysvyaz
250,11,RU,RUS,Russian Federation,79,Orensot
250,92,RU,RUS,Russian Federation,79,Printelefone
250,4,RU,RUS,Russian Federation,79,Sibchallenge
250,44,RU,RUS,Russian Federation,79,StavTelesot
250,20,RU,RUS,Russian Federation,79,Tele2/ECC/Volgogr.
250,93,RU,RUS,Russian Federation,79,Telecom XXL
250,39,RU,RUS,Russian Federation,79,UralTel
250,17,RU,RUS,Russian Federation,79,UralTel
250,5,RU,RUS,Russian Federation,79,Tele2/ECC/Volgogr.
250,15,RU,RUS,Russian Federation,79,ZAO SMARTS
250,7,RU,RUS,Russian Federation,79,ZAO SMARTS
635,14,RW,RWA,Rwanda,250,Airtel
635,10,RW,RWA,Rwanda,250,MTN/Rwandacell
635,13,RW,RWA,Rwanda,250,TIGO
356,110,KN,KNA,Saint Kitts and Nevis,1869,Cable & Wireless
356,50,KN,KNA,Saint Kitts and Nevis,1869,Digicel
356,70,KN,KNA,Saint Kitts and Nevis,1869,UTS Cariglobe
358,110,LC,LCA,Saint Lucia,1758,Cable & Wireless
358,30,LC,LCA,Saint Lucia,1758,Cingular Wireless
358,50,LC,LCA,Saint Lucia,1758,Digicel (St Lucia) Limited
549,999,WS,WSM,Samoa,685,Fix Line
549,27,WS,WSM,Samoa,685,Samoatel Mobile
549,1,WS,WSM,Samoa,685,Telecom Samoa Cellular Ltd.
292,1,SM,SMR,San Marino,378,Prima Telecom
626,1,ST,STP,Sao Tome & Principe,239,CSTmovel
901,14,N/A,#N/A,Satellite Networks,870,AeroMobile
901,11,N/A,#N/A,Satellite Networks,870,InMarSAT
901,12,N/A,#N/A,Satellite Networks,870,Maritime Communications Partner AS
901,5,N/A,#N/A,Satellite Networks,870,Thuraya Satellite
420,7,SA,SAU,Saudi Arabia,966,Zain
420,3,SA,SAU,Saudi Arabia,966,Etihad/Etisalat/Mobily
420,6,SA,SAU,Saudi Arabia,966,Lebara Mobile
420,1,SA,SAU,Saudi Arabia,966,STC/Al Jawal
420,5,SA,SAU,Saudi Arabia,966,Virgin Mobile
420,4,SA,SAU,Saudi Arabia,966,Zain
608,3,SN,SEN,Senegal,221,Expresso/Sudatel
608,1,SN,SEN,Senegal,221,Orange/Sonatel
608,2,SN,SEN,Senegal,221,TIGO/Sentel GSM
220,3,RS,SRB,Serbia,381,MTS/Telekom Srbija
220,2,RS,SRB,Serbia,381,Telenor/Mobtel
220,1,RS,SRB,Serbia,381,Telenor/Mobtel
220,5,RS,SRB,Serbia,381,VIP Mobile
633,10,SC,SYC,Seychelles,248,Airtel
633,1,SC,SYC,Seychelles,248,C&W
633,2,SC,SYC,Seychelles,248,Smartcom
619,3,SL,SLE,Sierra Leone,232,Africel
619,1,SL,SLE,Sierra Leone,232,Orange
619,4,SL,SLE,Sierra Leone,232,Comium
619,5,SL,SLE,Sierra Leone,232,Africel
619,2,SL,SLE,Sierra Leone,232,Tigo/Millicom
619,25,SL,SLE,Sierra Leone,232,Mobitel
619,7,SL,SLE,Sierra Leone,232,Qcell
525,999,SG,SGP,Singapore,65,Fix Line
525,12,SG,SGP,Singapore,65,GRID Communications Pte Ltd
525,3,SG,SGP,Singapore,65,MobileOne Ltd
525,2,SG,SGP,Singapore,65,Singtel
525,1,SG,SGP,Singapore,65,Singtel
525,7,SG,SGP,Singapore,65,Singtel
525,5,SG,SGP,Singapore,65,Starhub
525,6,SG,SGP,Singapore,65,Starhub
231,3,SK,SVK,Slovakia,421,Swan/4Ka
231,6,SK,SVK,Slovakia,421,O2
231,5,SK,SVK,Slovakia,421,Orange
231,1,SK,SVK,Slovakia,421,Orange
231,15,SK,SVK,Slovakia,421,Orange
231,2,SK,SVK,Slovakia,421,T-Mobile
231,4,SK,SVK,Slovakia,421,T-Mobile
231,99,SK,SVK,Slovakia,421,Zeleznice Slovenskej republiky (ZSR)
293,999,SI,SVN,Slovenia,386,Fix Line
293,41,SI,SVN,Slovenia,386,Mobitel
293,40,SI,SVN,Slovenia,386,SI.Mobil
293,10,SI,SVN,Slovenia,386,Slovenske zeleznice d.o.o.
293,64,SI,SVN,Slovenia,386,T-2 d.o.o.
293,70,SI,SVN,Slovenia,386,Telemach/TusMobil/VEGA
540,2,SB,SLB,Solomon Islands,677,bemobile
540,10,SB,SLB,Solomon Islands,677,BREEZE
540,1,SB,SLB,Solomon Islands,677,BREEZE
637,30,SO,SOM,Somalia,252,Golis
637,50,SO,SOM,Somalia,252,Hormuud
637,19,SO,SOM,Somalia,252,HorTel
637,10,SO,SOM,Somalia,252,Nationlink
637,60,SO,SOM,Somalia,252,Nationlink
637,4,SO,SOM,Somalia,252,Somafone
637,71,SO,SOM,Somalia,252,Somtel
637,82,SO,SOM,Somalia,252,Somtel
637,1,SO,SOM,Somalia,252,Telesom
655,2,ZA,ZAF,South Africa,27,Telkom/8.ta
655,21,ZA,ZAF,South Africa,27,Cape Town Metropolitan
655,7,ZA,ZAF,South Africa,27,Cell C
655,12,ZA,ZAF,South Africa,27,MTN
655,10,ZA,ZAF,South Africa,27,MTN
655,6,ZA,ZAF,South Africa,27,Sentech
655,1,ZA,ZAF,South Africa,27,Vodacom
655,19,ZA,ZAF,South Africa,27,Wireless Business Solutions (Pty) Ltd
659,3,SS,SSD,South Sudan (Republic of),,Gemtel Ltd (South Sudan
659,2,SS,SSD,South Sudan (Republic of),,MTN South Sudan (South Sudan
659,4,SS,SSD,South Sudan (Republic of),,Network of The World Ltd (NOW) (South Sudan
659,6,SS,SSD,South Sudan (Republic of),,Zain South Sudan (South Sudan
214,23,ES,ESP,Spain,34,Lycamobile SL
214,22,ES,ESP,Spain,34,Digi Spain Telecom SL
214,15,ES,ESP,Spain,34,BT Espana SAU
214,18,ES,ESP,Spain,34,Cableuropa SAU (ONO)
214,8,ES,ESP,Spain,34,Euskaltel SA
214,999,ES,ESP,Spain,34,Fix Line
214,20,ES,ESP,Spain,34,fonYou Wireless SL
214,32,ES,ESP,Spain,34,ION Mobile
214,21,ES,ESP,Spain,34,Jazz Telecom SAU
214,26,ES,ESP,Spain,34,Lleida
214,25,ES,ESP,Spain,34,Lycamobile SL
214,7,ES,ESP,Spain,34,Movistar
214,5,ES,ESP,Spain,34,Movistar
214,11,ES,ESP,Spain,34,Orange
214,9,ES,ESP,Spain,34,Orange
214,3,ES,ESP,Spain,34,Orange
214,17,ES,ESP,Spain,34,R Cable y Telec. Galicia SA
214,19,ES,ESP,Spain,34,Simyo/KPN
214,16,ES,ESP,Spain,34,Telecable de Asturias SA
214,27,ES,ESP,Spain,34,Truphone
214,1,ES,ESP,Spain,34,Vodafone
214,6,ES,ESP,Spain,34,Vodafone Enabler Espana SL
214,4,ES,ESP,Spain,34,Yoigo
413,5,LK,LKA,Sri Lanka,94,Airtel
413,3,LK,LKA,Sri Lanka,94,Etisalat/Tigo
413,8,LK,LKA,Sri Lanka,94,H3G Hutchison
413,1,LK,LKA,Sri Lanka,94,Mobitel Ltd.
413,2,LK,LKA,Sri Lanka,94,MTN/Dialog
308,1,PM,SPM,St. Pierre & Miquelon,508,Ameris
360,110,VC,VCT,St. Vincent & Gren.,1784,C & W
360,100,VC,VCT,St. Vincent & Gren.,1784,Cingular
360,10,VC,VCT,St. Vincent & Gren.,1784,Cingular
360,50,VC,VCT,St. Vincent & Gren.,1784,Digicel
360,70,VC,VCT,St. Vincent & Gren.,1784,Digicel
634,0,SD,SDN,Sudan,249,Canar Telecom
634,999,SD,SDN,Sudan,249,Fix Line
634,2,SD,SDN,Sudan,249,MTN
634,22,SD,SDN,Sudan,249,MTN
634,7,SD,SDN,Sudan,249,Sudani One
634,15,SD,SDN,Sudan,249,Sudani One
634,5,SD,SDN,Sudan,249,Canar Telecom
634,8,SD,SDN,Sudan,249,Canar Telecom
634,6,SD,SDN,Sudan,249,ZAIN/Mobitel
634,1,SD,SDN,Sudan,249,ZAIN/Mobitel
746,3,SR,SUR,Suriname,597,Digicel
746,999,SR,SUR,Suriname,597,Fix Line
746,1,SR,SUR,Suriname,597,Telesur
746,2,SR,SUR,Suriname,597,Telecommunicatiebedrijf Suriname (TELESUR)
746,4,SR,SUR,Suriname,597,UNIQA
653,2,SZ,SWZ,Swaziland,268,Swazi Mobile
653,10,SZ,SWZ,Swaziland,268,Swazi MTN
653,1,SZ,SWZ,Swaziland,268,SwaziTelecom
240,35,SE,SWE,Sweden,46,42 Telecom AB
240,16,SE,SWE,Sweden,46,42 Telecom AB
240,26,SE,SWE,Sweden,46,Beepsend
240,30,SE,SWE,Sweden,46,NextGen Mobile Ltd (CardBoardFish)
240,28,SE,SWE,Sweden,46,CoolTEL Aps
240,25,SE,SWE,Sweden,46,Digitel Mobile Srl
240,22,SE,SWE,Sweden,46,Eu Tel AB
240,999,SE,SWE,Sweden,46,Fix Line
240,27,SE,SWE,Sweden,46,Fogg Mobile AB
240,18,SE,SWE,Sweden,46,Generic Mobile Systems Sweden AB
240,17,SE,SWE,Sweden,46,Gotalandsnatet AB
240,2,SE,SWE,Sweden,46,H3G Access AB
240,4,SE,SWE,Sweden,46,H3G Access AB
240,36,SE,SWE,Sweden,46,ID Mobile
240,23,SE,SWE,Sweden,46,Infobip Ltd.
240,11,SE,SWE,Sweden,46,Lindholmen Science Park AB
240,12,SE,SWE,Sweden,46,Lycamobile Ltd
240,29,SE,SWE,Sweden,46,Mercury International Carrier Services
240,19,SE,SWE,Sweden,46,Mundio Mobile (Sweden) Ltd
240,3,SE,SWE,Sweden,46,Netett Sverige AB
240,10,SE,SWE,Sweden,46,Spring Mobil AB
240,5,SE,SWE,Sweden,46,Svenska UMTS-N
240,14,SE,SWE,Sweden,46,TDC Sverige AB
240,7,SE,SWE,Sweden,46,Tele2 Sverige AB
240,24,SE,SWE,Sweden,46,Telenor (Vodafone)
240,8,SE,SWE,Sweden,46,Telenor (Vodafone)
240,6,SE,SWE,Sweden,46,Telenor (Vodafone)
240,1,SE,SWE,Sweden,46,Telia Mobile
240,13,SE,SWE,Sweden,46,Ventelo Sverige AB
240,20,SE,SWE,Sweden,46,Wireless Maingate AB
240,15,SE,SWE,Sweden,46,Wireless Maingate Nordic AB
228,51,CH,CHE,Switzerland,41,BebbiCell AG
228,58,CH,CHE,Switzerland,41,Beeone
228,9,CH,CHE,Switzerland,41,Comfone AG
228,5,CH,CHE,Switzerland,41,Comfone AG
228,999,CH,CHE,Switzerland,41,Fix Line
228,7,CH,CHE,Switzerland,41,TDC Sunrise
228,54,CH,CHE,Switzerland,41,Lycamobile AG
228,52,CH,CHE,Switzerland,41,Mundio Mobile AG
228,3,CH,CHE,Switzerland,41,Salt/Orange
228,1,CH,CHE,Switzerland,41,Swisscom
228,12,CH,CHE,Switzerland,41,TDC Sunrise
228,2,CH,CHE,Switzerland,41,TDC Sunrise
228,8,CH,CHE,Switzerland,41,TDC Sunrise
228,53,CH,CHE,Switzerland,41,upc cablecom GmbH
417,2,SY,SYR,Syrian Arab Republic,963,MTN/Spacetel
417,9,SY,SYR,Syrian Arab Republic,963,Syriatel Holdings
417,1,SY,SYR,Syrian Arab Republic,963,Syriatel Holdings
466,68,TW,TWN,Taiwan,886,ACeS Taiwan - ACeS Taiwan Telecommunications Co Ltd
466,5,TW,TWN,Taiwan,886,Asia Pacific Telecom Co. Ltd (APT)
466,11,TW,TWN,Taiwan,886,Chunghwa Telecom LDM
466,92,TW,TWN,Taiwan,886,Chunghwa Telecom LDM
466,7,TW,TWN,Taiwan,886,Far EasTone
466,2,TW,TWN,Taiwan,886,Far EasTone
466,6,TW,TWN,Taiwan,886,Far EasTone
466,3,TW,TWN,Taiwan,886,Far EasTone
466,1,TW,TWN,Taiwan,886,Far EasTone
466,10,TW,TWN,Taiwan,886,Global Mobile Corp.
466,56,TW,TWN,Taiwan,886,International Telecom Co. Ltd (FITEL)
466,88,TW,TWN,Taiwan,886,KG Telecom
466,90,TW,TWN,Taiwan,886,T-Star/VIBO
466,99,TW,TWN,Taiwan,886,TransAsia
466,97,TW,TWN,Taiwan,886,Taiwan Cellular
466,93,TW,TWN,Taiwan,886,Mobitai
466,89,TW,TWN,Taiwan,886,T-Star/VIBO
466,9,TW,TWN,Taiwan,886,VMAX Telecom Co. Ltd
436,4,TK,TKL,Tajikistan,992,Babilon-M
436,5,TK,TKL,Tajikistan,992,Bee Line
436,2,TK,TKL,Tajikistan,992,CJSC Indigo Tajikistan
436,12,TK,TKL,Tajikistan,992,Tcell/JC Somoncom
436,3,TK,TKL,Tajikistan,992,Megafon
436,1,TK,TKL,Tajikistan,992,Tcell/JC Somoncom
640,8,TZ,TZA,Tanzania,255,Benson Informatics Ltd
640,6,TZ,TZA,Tanzania,255,Dovetel (T) Ltd
640,9,TZ,TZA,Tanzania,255,Halotel/Viettel Ltd
640,11,TZ,TZA,Tanzania,255,Smile Communications Tanzania Ltd
640,7,TZ,TZA,Tanzania,255,Tanzania Telecommunications Company Ltd (TTCL)
640,2,TZ,TZA,Tanzania,255,TIGO/MIC
640,1,TZ,TZA,Tanzania,255,Tri Telecomm. Ltd.
640,4,TZ,TZA,Tanzania,255,Vodacom Ltd
640,5,TZ,TZA,Tanzania,255,Airtel/ZAIN/Celtel
640,3,TZ,TZA,Tanzania,255,Zantel/Zanzibar Telecom
520,20,TH,THA,Thailand,66,ACeS Thailand - ACeS Regional Services Co Ltd
520,15,TH,THA,Thailand,66,ACT Mobile
520,3,TH,THA,Thailand,66,AIS/Advanced Info Service
520,1,TH,THA,Thailand,66,AIS/Advanced Info Service
520,23,TH,THA,Thailand,66,Digital Phone Co.
520,999,TH,THA,Thailand,66,Fix Line
520,0,TH,THA,Thailand,66,Hutch/CAT CDMA
520,5,TH,THA,Thailand,66,Total Access (DTAC)
520,18,TH,THA,Thailand,66,Total Access (DTAC)
520,99,TH,THA,Thailand,66,True Move/Orange
520,4,TH,THA,Thailand,66,True Move/Orange
514,999,TP,#N/A,Timor-Leste,670,Fix Line
514,1,TP,#N/A,Timor-Leste,670,Telin/ Telkomcel
514,2,TP,#N/A,Timor-Leste,670,Timor Telecom
615,2,TG,TGO,Togo,228,Telecel/MOOV
615,3,TG,TGO,Togo,228,Telecel/MOOV
615,1,TG,TGO,Togo,228,Togo Telecom/TogoCELL
539,88,TO,TON,Tonga,676,Digicel
539,999,TO,TON,Tonga,676,Fix Line
539,43,TO,TON,Tonga,676,Shoreline Communication
539,1,TO,TON,Tonga,676,Tonga Communications
374,12,TT,TTO,Trinidad and Tobago,1868,Bmobile/TSTT
374,120,TT,TTO,Trinidad and Tobago,1868,Bmobile/TSTT
374,130,TT,TTO,Trinidad and Tobago,1868,Digicel
374,140,TT,TTO,Trinidad and Tobago,1868,LaqTel Ltd.
605,999,TN,TUN,Tunisia,216,Fix Line
605,1,TN,TUN,Tunisia,216,Orange
605,3,TN,TUN,Tunisia,216,Oreedo/Orascom
605,6,TN,TUN,Tunisia,216,TuniCell/Tunisia Telecom
605,2,TN,TUN,Tunisia,216,TuniCell/Tunisia Telecom
286,3,TR,TUR,Turkey,90,AVEA/Aria
286,4,TR,TUR,Turkey,90,AVEA/Aria
286,999,TR,TUR,Turkey,90,Fix Line
286,1,TR,TUR,Turkey,90,Turkcell
286,2,TR,TUR,Turkey,90,Vodafone-Telsim
438,1,TM,TKM,Turkmenistan,993,MTS/Barash Communication
438,2,TM,TKM,Turkmenistan,993,Altyn Asyr/TM-Cell
376,350,TC,TCA,Turks and Caicos Islands,,Cable & Wireless (TCI) Ltd
376,50,TC,TCA,Turks and Caicos Islands,,Digicel TCI Ltd
376,352,TC,TCA,Turks and Caicos Islands,,IslandCom Communications Ltd.
553,1,TV,TUV,Tuvalu,,Tuvalu Telecommunication Corporation (TTC)
641,1,UG,UGA,Uganda,256,Airtel/Celtel
641,999,UG,UGA,Uganda,256,Fix Line
641,66,UG,UGA,Uganda,256,i-Tel Ltd
641,30,UG,UGA,Uganda,256,K2 Telecom Ltd
641,10,UG,UGA,Uganda,256,MTN Ltd.
641,14,UG,UGA,Uganda,256,Orange
641,33,UG,UGA,Uganda,256,Smile Communications Uganda Ltd
641,18,UG,UGA,Uganda,256,Suretelecom Uganda Ltd
641,11,UG,UGA,Uganda,256,Uganda Telecom Ltd.
641,22,UG,UGA,Uganda,256,Airtel/Warid
255,6,UA,UKR,Ukraine,380,Astelit/LIFE
255,5,UA,UKR,Ukraine,380,Golden Telecom
255,39,UA,UKR,Ukraine,380,Golden Telecom
255,4,UA,UKR,Ukraine,380,Intertelecom Ltd (IT)
255,67,UA,UKR,Ukraine,380,KyivStar
255,3,UA,UKR,Ukraine,380,KyivStar
255,99,UA,UKR,Ukraine,380,Phoenix
255,21,UA,UKR,Ukraine,380,Telesystems Of Ukraine CJSC (TSU)
255,7,UA,UKR,Ukraine,380,TriMob LLC
255,50,UA,UKR,Ukraine,380,Vodafone/MTS
255,2,UA,UKR,Ukraine,380,Beeline
255,1,UA,UKR,Ukraine,380,Vodafone/MTS
255,68,UA,UKR,Ukraine,380,Beeline
424,3,AE,ARE,United Arab Emirates,971,DU
431,2,AE,ARE,United Arab Emirates,971,Etisalat
430,2,AE,ARE,United Arab Emirates,971,Etisalat
424,2,AE,ARE,United Arab Emirates,971,Etisalat
234,3,GB,GBR,United Kingdom,44,Airtel/Vodafone
234,0,GB,GBR,United Kingdom,44,BT Group
234,76,GB,GBR,United Kingdom,44,BT Group
234,77,GB,GBR,United Kingdom,44,BT Group
234,7,GB,GBR,United Kingdom,44,Cable and Wireless
234,92,GB,GBR,United Kingdom,44,Cable and Wireless
234,36,GB,GBR,United Kingdom,44,Cable and Wireless Isle of Man
234,18,GB,GBR,United Kingdom,44,Cloud9/wire9 Tel.
235,2,GB,GBR,United Kingdom,44,Everyth. Ev.wh.
234,999,GB,GBR,United Kingdom,44,Fix Line
234,17,GB,GBR,United Kingdom,44,FlexTel
234,55,GB,GBR,United Kingdom,44,Guernsey Telecoms
234,14,GB,GBR,United Kingdom,44,HaySystems
234,20,GB,GBR,United Kingdom,44,H3G Hutchinson
234,94,GB,GBR,United Kingdom,44,H3G Hutchinson
234,75,GB,GBR,United Kingdom,44,Inquam Telecom Ltd
234,50,GB,GBR,United Kingdom,44,Jersey Telecom
234,35,GB,GBR,United Kingdom,44,JSC Ingenicum
234,26,GB,GBR,United Kingdom,44,Lycamobile
234,58,GB,GBR,United Kingdom,44,Manx Telecom
234,1,GB,GBR,United Kingdom,44,Mapesbury C. Ltd
234,28,GB,GBR,United Kingdom,44,Marthon Telecom
234,10,GB,GBR,United Kingdom,44,O2 Ltd.
234,2,GB,GBR,United Kingdom,44,O2 Ltd.
234,11,GB,GBR,United Kingdom,44,O2 Ltd.
234,8,GB,GBR,United Kingdom,44,OnePhone
234,16,GB,GBR,United Kingdom,44,Opal Telecom
234,34,GB,GBR,United Kingdom,44,Everyth. Ev.wh./Orange
234,33,GB,GBR,United Kingdom,44,Everyth. Ev.wh./Orange
234,19,GB,GBR,United Kingdom,44,PMN/Teleware
234,12,GB,GBR,United Kingdom,44,Railtrack Plc
234,22,GB,GBR,United Kingdom,44,Routotelecom
234,57,GB,GBR,United Kingdom,44,Sky UK Limited
234,24,GB,GBR,United Kingdom,44,Stour Marine
234,37,GB,GBR,United Kingdom,44,Synectiv Ltd.
234,31,GB,GBR,United Kingdom,44,Everyth. Ev.wh./T-Mobile
234,30,GB,GBR,United Kingdom,44,Everyth. Ev.wh./T-Mobile
234,32,GB,GBR,United Kingdom,44,Everyth. Ev.wh./T-Mobile
234,27,GB,GBR,United Kingdom,44,Vodafone
234,9,GB,GBR,United Kingdom,44,Tismi
234,25,GB,GBR,United Kingdom,44,Truphone
234,51,GB,GBR,United Kingdom,44,Jersey Telecom
234,23,GB,GBR,United Kingdom,44,Vectofone Mobile Wifi
234,38,GB,GBR,United Kingdom,44,Virgin Mobile
234,15,GB,GBR,United Kingdom,44,Vodafone
234,91,GB,GBR,United Kingdom,44,Vodafone
234,89,GB,GBR,United Kingdom,44,Vodafone
234,78,GB,GBR,United Kingdom,44,Wave Telecom Ltd
310,50,US,USA,United States,1,
310,880,US,USA,United States,1,
310,850,US,USA,United States,1,Aeris Comm. Inc.
310,640,US,USA,United States,1,
310,510,US,USA,United States,1,Airtel Wireless LLC
310,190,US,USA,United States,1,Unknown
312,90,US,USA,United States,1,Allied Wireless Communications Corporation
311,130,US,USA,United States,1,
310,710,US,USA,United States,1,Arctic Slope Telephone Association Cooperative Inc.
310,410,US,USA,United States,1,AT&T Wireless Inc.
310,380,US,USA,United States,1,AT&T Wireless Inc.
310,170,US,USA,United States,1,AT&T Wireless Inc.
310,150,US,USA,United States,1,AT&T Wireless Inc.
310,680,US,USA,United States,1,AT&T Wireless Inc.
310,70,US,USA,United States,1,AT&T Wireless Inc.
310,560,US,USA,United States,1,AT&T Wireless Inc.
310,980,US,USA,United States,1,AT&T Wireless Inc.
311,810,US,USA,United States,1,Bluegrass Wireless LLC
311,800,US,USA,United States,1,Bluegrass Wireless LLC
311,440,US,USA,United States,1,Bluegrass Wireless LLC
310,900,US,USA,United States,1,Cable & Communications Corp.
311,590,US,USA,United States,1,California RSA No. 3 Limited Partnership
311,500,US,USA,United States,1,Cambridge Telephone Company Inc.
310,830,US,USA,United States,1,Caprock Cellular Ltd.
311,390,US,USA,United States,1,Verizon Wireless
311,274,US,USA,United States,1,Verizon Wireless
311,484,US,USA,United States,1,Verizon Wireless
310,10,US,USA,United States,1,Verizon Wireless
311,279,US,USA,United States,1,Verizon Wireless
311,284,US,USA,United States,1,Verizon Wireless
311,489,US,USA,United States,1,Verizon Wireless
310,910,US,USA,United States,1,Verizon Wireless
311,289,US,USA,United States,1,Verizon Wireless
311,273,US,USA,United States,1,Verizon Wireless
311,483,US,USA,United States,1,Verizon Wireless
310,4,US,USA,United States,1,Verizon Wireless
311,278,US,USA,United States,1,Verizon Wireless
311,283,US,USA,United States,1,Verizon Wireless
311,488,US,USA,United States,1,Verizon Wireless
310,890,US,USA,United States,1,Verizon Wireless
311,288,US,USA,United States,1,Verizon Wireless
311,272,US,USA,United States,1,Verizon Wireless
311,482,US,USA,United States,1,Verizon Wireless
311,277,US,USA,United States,1,Verizon Wireless
311,487,US,USA,United States,1,Verizon Wireless
310,590,US,USA,United States,1,Verizon Wireless
311,282,US,USA,United States,1,Verizon Wireless
311,287,US,USA,United States,1,Verizon Wireless
311,271,US,USA,United States,1,Verizon Wireless
311,481,US,USA,United States,1,Verizon Wireless
311,276,US,USA,United States,1,Verizon Wireless
311,486,US,USA,United States,1,Verizon Wireless
310,13,US,USA,United States,1,Verizon Wireless
311,281,US,USA,United States,1,Verizon Wireless
311,286,US,USA,United States,1,Verizon Wireless
311,270,US,USA,United States,1,Verizon Wireless
311,480,US,USA,United States,1,Verizon Wireless
311,275,US,USA,United States,1,Verizon Wireless
311,485,US,USA,United States,1,Verizon Wireless
310,12,US,USA,United States,1,Verizon Wireless
311,280,US,USA,United States,1,Verizon Wireless
311,285,US,USA,United States,1,Verizon Wireless
311,110,US,USA,United States,1,Verizon Wireless
312,280,US,USA,United States,1,Cellular Network Partnership LLC
312,270,US,USA,United States,1,Cellular Network Partnership LLC
310,360,US,USA,United States,1,Cellular Network Partnership LLC
311,190,US,USA,United States,1,
310,30,US,USA,United States,1,
311,120,US,USA,United States,1,Choice Phone LLC
310,480,US,USA,United States,1,Choice Phone LLC
310,630,US,USA,United States,1,
310,420,US,USA,United States,1,Cincinnati Bell Wireless LLC
310,180,US,USA,United States,1,Cingular Wireless
310,620,US,USA,United States,1,Coleman County Telco /Trans TX
311,40,US,USA,United States,1,
310,60,US,USA,United States,1,Consolidated Telcom
310,6,US,USA,United States,1,Consolidated Telcom
310,26,US,USA,United States,1,
312,380,US,USA,United States,1,
310,930,US,USA,United States,1,
311,240,US,USA,United States,1,
310,80,US,USA,United States,1,
310,700,US,USA,United States,1,Cross Valliant Cellular Partnership
312,30,US,USA,United States,1,Cross Wireless Telephone Co.
311,140,US,USA,United States,1,Cross Wireless Telephone Co.
311,520,US,USA,United States,1,
312,40,US,USA,United States,1,Custer Telephone Cooperative Inc.
310,440,US,USA,United States,1,Dobson Cellular Systems
310,990,US,USA,United States,1,E.N.M.R. Telephone Coop.
312,130,US,USA,United States,1,East Kentucky Network LLC
312,120,US,USA,United States,1,East Kentucky Network LLC
310,750,US,USA,United States,1,East Kentucky Network LLC
310,90,US,USA,United States,1,Edge Wireless LLC
310,610,US,USA,United States,1,Elkhart TelCo. / Epic Touch Co.
311,210,US,USA,United States,1,
311,311,US,USA,United States,1,Farmers
311,460,US,USA,United States,1,Fisher Wireless Services Inc.
311,370,US,USA,United States,1,GCI Communication Corp.
310,430,US,USA,United States,1,GCI Communication Corp.
310,920,US,USA,United States,1,Get Mobile Inc.
310,970,US,USA,United States,1,
311,340,US,USA,United States,1,Illinois Valley Cellular RSA 2 Partnership
311,30,US,USA,United States,1,
312,170,US,USA,United States,1,Iowa RSA No. 2 Limited Partnership
311,410,US,USA,United States,1,Iowa RSA No. 2 Limited Partnership
310,770,US,USA,United States,1,Iowa Wireless Services LLC
310,650,US,USA,United States,1,Jasper
310,870,US,USA,United States,1,Kaplan Telephone Company Inc.
310,690,US,USA,United States,1,Keystone Wireless LLC
312,180,US,USA,United States,1,Keystone Wireless LLC
311,310,US,USA,United States,1,Lamar County Cellular
310,16,US,USA,United States,1,Leap Wireless International Inc.
311,90,US,USA,United States,1,
310,40,US,USA,United States,1,Matanuska Tel. Assn. Inc.
310,780,US,USA,United States,1,Message Express Co. / Airlink PCS
311,660,US,USA,United States,1,
311,330,US,USA,United States,1,Michigan Wireless LLC
311,0,US,USA,United States,1,
310,400,US,USA,United States,1,Minnesota South. Wirel. Co. / Hickory
311,920,US,USA,United States,1,Missouri RSA No 5 Partnership
311,20,US,USA,United States,1,Missouri RSA No 5 Partnership
311,10,US,USA,United States,1,Missouri RSA No 5 Partnership
312,220,US,USA,United States,1,Missouri RSA No 5 Partnership
312,10,US,USA,United States,1,Missouri RSA No 5 Partnership
310,350,US,USA,United States,1,Mohave Cellular LP
310,570,US,USA,United States,1,MTPCS LLC
310,290,US,USA,United States,1,NEP Cellcorp Inc.
310,34,US,USA,United States,1,Nevada Wireless LLC
311,380,US,USA,United States,1,
310,600,US,USA,United States,1,New-Cell Inc.
311,100,US,USA,United States,1,
311,300,US,USA,United States,1,Nexus Communications Inc.
310,130,US,USA,United States,1,North Carolina RSA 3 Cellular Tel. Co.
311,610,US,USA,United States,1,North Dakota Network Company
312,230,US,USA,United States,1,North Dakota Network Company
310,450,US,USA,United States,1,Northeast Colorado Cellular Inc.
311,710,US,USA,United States,1,Northeast Wireless Networks LLC
310,670,US,USA,United States,1,Northstar
310,11,US,USA,United States,1,Northstar
311,420,US,USA,United States,1,Northwest Missouri Cellular Limited Partnership
310,540,US,USA,United States,1,
310,999,US,USA,United States,1,Various Networks
310,760,US,USA,United States,1,Panhandle Telephone Cooperative Inc.
310,580,US,USA,United States,1,PCS ONE
311,170,US,USA,United States,1,PetroCom
311,670,US,USA,United States,1,"Pine Belt Cellular, Inc."
311,80,US,USA,United States,1,
310,790,US,USA,United States,1,
310,100,US,USA,United States,1,Plateau Telecommunications Inc.
310,940,US,USA,United States,1,Poka Lambro Telco Ltd.
311,540,US,USA,United States,1,
311,730,US,USA,United States,1,
310,500,US,USA,United States,1,Public Service Cellular Inc.
312,160,US,USA,United States,1,RSA 1 Limited Partnership
311,430,US,USA,United States,1,RSA 1 Limited Partnership
311,350,US,USA,United States,1,Sagebrush Cellular Inc.
311,910,US,USA,United States,1,
310,46,US,USA,United States,1,SIMMETRY
311,260,US,USA,United States,1,SLO Cellular Inc / Cellular One of San Luis
310,320,US,USA,United States,1,Smith Bagley Inc.
310,15,US,USA,United States,1,Unknown
316,11,US,USA,United States,1,Southern Communications Services Inc.
312,530,US,USA,United States,1,Sprint Spectrum
310,120,US,USA,United States,1,Sprint Spectrum
316,10,US,USA,United States,1,Sprint Spectrum
312,190,US,USA,United States,1,Sprint Spectrum
311,880,US,USA,United States,1,Sprint Spectrum
311,870,US,USA,United States,1,Sprint Spectrum
311,490,US,USA,United States,1,Sprint Spectrum
310,660,US,USA,United States,1,T-Mobile
310,230,US,USA,United States,1,T-Mobile
310,31,US,USA,United States,1,T-Mobile
310,220,US,USA,United States,1,T-Mobile
310,270,US,USA,United States,1,T-Mobile
310,210,US,USA,United States,1,T-Mobile
310,260,US,USA,United States,1,T-Mobile
310,200,US,USA,United States,1,T-Mobile
310,250,US,USA,United States,1,T-Mobile
310,160,US,USA,United States,1,T-Mobile
310,240,US,USA,United States,1,T-Mobile
310,300,US,USA,United States,1,T-Mobile
310,280,US,USA,United States,1,T-Mobile
310,330,US,USA,United States,1,T-Mobile
310,800,US,USA,United States,1,T-Mobile
310,310,US,USA,United States,1,T-Mobile
311,740,US,USA,United States,1,
310,740,US,USA,United States,1,Telemetrix Inc.
310,14,US,USA,United States,1,Testing
310,950,US,USA,United States,1,Unknown
310,860,US,USA,United States,1,Texas RSA 15B2 Limited Partnership
311,830,US,USA,United States,1,Thumb Cellular Limited Partnership
311,50,US,USA,United States,1,Thumb Cellular Limited Partnership
310,460,US,USA,United States,1,TMP Corporation
310,490,US,USA,United States,1,Triton PCS
312,290,US,USA,United States,1,Uintah Basin Electronics Telecommunications Inc.
311,860,US,USA,United States,1,Uintah Basin Electronics Telecommunications Inc.
310,960,US,USA,United States,1,Uintah Basin Electronics Telecommunications Inc.
310,20,US,USA,United States,1,Union Telephone Co.
311,220,US,USA,United States,1,United States Cellular Corp.
310,730,US,USA,United States,1,United States Cellular Corp.
311,650,US,USA,United States,1,United Wireless Communications Inc.
310,38,US,USA,United States,1,USA 3650 AT&T
310,520,US,USA,United States,1,VeriSign
310,3,US,USA,United States,1,Unknown
310,23,US,USA,United States,1,Unknown
310,24,US,USA,United States,1,Unknown
310,25,US,USA,United States,1,Unknown
310,530,US,USA,United States,1,West Virginia Wireless
310,26,US,USA,United States,1,Unknown
310,340,US,USA,United States,1,"Westlink Communications, LLC"
311,150,US,USA,United States,1,
311,70,US,USA,United States,1,Wisconsin RSA #7 Limited Partnership
310,390,US,USA,United States,1,Yorkville Telephone Cooperative
748,0,UY,URY,Uruguay,598,Ancel/Antel
748,1,UY,URY,Uruguay,598,Ancel/Antel
748,3,UY,URY,Uruguay,598,Ancel/Antel
748,10,UY,URY,Uruguay,598,Claro/AM Wireless
748,7,UY,URY,Uruguay,598,MOVISTAR
434,4,UZ,UZB,Uzbekistan,998,Bee Line/Unitel
434,1,UZ,UZB,Uzbekistan,998,Buztel
434,7,UZ,UZB,Uzbekistan,998,MTS/Uzdunrobita
434,5,UZ,UZB,Uzbekistan,998,Ucell/Coscom
434,2,UZ,UZB,Uzbekistan,998,Uzmacom
541,5,VU,VUT,Vanuatu,678,DigiCel
541,1,VU,VUT,Vanuatu,678,SMILE
734,3,VE,VEN,Venezuela,58,DigiTel C.A.
734,2,VE,VEN,Venezuela,58,DigiTel C.A.
734,1,VE,VEN,Venezuela,58,DigiTel C.A.
734,6,VE,VEN,Venezuela,58,Movilnet C.A.
734,4,VE,VEN,Venezuela,58,Movistar/TelCel
452,7,VN,VNM,Viet Nam,84,Gmobile
452,8,VN,VNM,Viet Nam,84,I-Telecom
452,8,VN,VNM,Viet Nam,84,I-Telecom
452,1,VN,VNM,Viet Nam,84,Mobifone
452,3,VN,VNM,Viet Nam,84,S-Fone/Telecom
452,5,VN,VNM,Viet Nam,84,VietnaMobile
452,4,VN,VNM,Viet Nam,84,Viettel Mobile
452,6,VN,VNM,Viet Nam,84,Viettel Mobile
452,2,VN,VNM,Viet Nam,84,Vinaphone
376,50,VI,VIR,"Virgin Islands, U.S.",1340,Digicel
421,999,YE,YEM,Yemen,967,Fix Line
421,4,YE,YEM,Yemen,967,HITS/Y Unitel
421,2,YE,YEM,Yemen,967,MTN/Spacetel
421,1,YE,YEM,Yemen,967,Sabaphone
421,3,YE,YEM,Yemen,967,Yemen Mob. CDMA
645,3,ZM,ZMB,Zambia,260,Zamtel/Cell Z/MTS
645,2,ZM,ZMB,Zambia,260,MTN/Telecel
645,1,ZM,ZMB,Zambia,260,Airtel/Zain/Celtel
648,4,ZW,ZWE,Zimbabwe,263,Econet
648,1,ZW,ZWE,Zimbabwe,263,Net One
648,3,ZW,ZWE,Zimbabwe,263,Telecel
